image,n_gt,bucket,n_det_total,matched@100,matched@300,matched@600,matched@1000,ndet@conf0.25,sat@conf0.25,ndet@conf0.1,sat@conf0.1,n_gt_small,matched300_small,n_gt_medium,matched300_medium,n_gt_large,matched300_large
0000001_02999_d_0000005,127,100-150,814,49,70,82,87,19,0,43,0,76,34,51,36,0,0
0000001_03499_d_0000006,77,50-100,552,42,49,51,51,22,0,44,0,53,25,20,20,4,4
0000001_03999_d_0000007,48,<50,447,33,35,38,38,14,0,34,0,26,16,21,18,1,1
0000001_04527_d_0000008,115,100-150,785,38,65,82,84,15,0,49,0,72,33,43,32,0,0
0000001_05249_d_0000009,113,100-150,1000,60,77,87,93,50,0,82,0,27,8,85,68,1,1
0000001_05499_d_0000010,140,100-150,755,72,102,108,109,60,0,77,0,52,22,67,60,21,20
0000001_05999_d_0000011,115,100-150,839,55,80,89,91,32,0,63,0,66,34,42,39,7,7
0000001_07999_d_0000012,136,100-150,955,50,77,95,99,22,0,67,0,99,49,37,28,0,0
0000001_08414_d_0000013,164,150-300,1000,56,89,102,111,30,0,71,0,107,44,54,42,3,3
0000021_00000_d_0000001,31,<50,253,14,18,18,18,9,0,22,0,23,10,8,8,0,0
0000021_00500_d_0000002,17,<50,108,12,12,12,12,6,0,12,0,15,10,2,2,0,0
0000021_00800_d_0000003,7,<50,60,7,7,7,7,3,0,11,0,7,7,0,0,0,0
0000022_00000_d_0000004,41,<50,278,30,33,33,33,16,0,38,0,35,27,6,6,0,0
0000022_00500_d_0000005,32,<50,272,28,30,30,30,19,0,40,0,22,20,10,10,0,0
0000022_01036_d_0000006,16,<50,225,14,15,15,15,13,0,25,0,4,3,12,12,0,0
0000022_01251_d_0000007,12,<50,280,12,12,12,12,14,0,27,0,0,0,12,12,0,0
0000023_00000_d_0000008,40,<50,297,28,33,33,33,17,0,40,0,35,28,5,5,0,0
0000023_00300_d_0000009,30,<50,291,24,25,25,25,20,0,34,0,25,20,5,5,0,0
0000023_00868_d_0000010,20,<50,310,19,20,20,20,12,0,19,0,6,6,13,13,1,1
0000023_01233_d_0000011,14,<50,249,12,12,12,12,11,0,19,0,0,0,14,12,0,0
0000024_00000_d_0000012,21,<50,209,17,18,18,18,14,0,24,0,9,8,12,10,0,0
0000024_00500_d_0000013,10,<50,134,7,9,9,9,8,0,11,0,1,1,9,8,0,0
0000024_01000_d_0000014,12,<50,72,7,7,7,7,3,0,6,0,12,7,0,0,0,0
0000024_01543_d_0000015,8,<50,107,8,8,8,8,7,0,10,0,1,1,7,7,0,0
0000026_00000_d_0000024,8,<50,72,8,8,8,8,7,0,7,0,0,0,2,2,6,6
0000026_00500_d_0000025,15,<50,74,14,14,14,14,9,0,11,0,1,1,4,4,10,9
0000026_01000_d_0000026,25,<50,201,24,24,24,24,19,0,29,0,3,3,3,2,19,19
0000026_01500_d_0000027,10,<50,149,10,10,10,10,11,0,14,0,0,0,1,1,9,9
0000026_02000_d_0000028,9,<50,85,9,9,9,9,8,0,13,0,0,0,2,2,7,7
0000026_02500_d_0000029,17,<50,163,16,16,16,16,18,0,27,0,9,8,4,4,4,4
0000026_03000_d_0000030,13,<50,144,13,13,13,13,9,0,13,0,0,0,5,5,8,8
0000026_03500_d_0000031,23,<50,151,22,23,23,23,11,0,20,0,1,1,6,6,16,16
0000026_04000_d_0000032,14,<50,106,14,14,14,14,12,0,18,0,0,0,2,2,12,12
0000026_04500_d_0000033,47,<50,557,28,29,31,31,21,0,46,0,24,11,22,17,1,1
0000026_04978_d_0000034,45,<50,334,25,28,29,29,19,0,29,0,16,7,28,20,1,1
0000055_00000_d_0000109,101,100-150,1000,48,60,70,80,19,0,36,0,57,25,44,35,0,0
0000055_00714_d_0000110,85,50-100,932,48,66,75,79,19,0,45,0,48,36,37,30,0,0
0000069_00001_d_0000001,34,<50,514,31,33,33,33,24,0,40,0,7,7,24,23,3,3
0000069_00483_d_0000002,27,<50,343,27,27,27,27,28,0,40,0,6,6,19,19,2,2
0000069_00713_d_0000003,49,<50,526,40,46,46,46,31,0,42,0,22,19,21,21,6,6
0000069_01109_d_0000004,31,<50,405,29,30,30,30,21,0,32,0,6,6,25,24,0,0
0000069_01878_d_0000005,36,<50,420,34,35,35,35,26,0,36,0,12,11,21,21,3,3
0000069_02163_d_0000006,49,<50,618,38,42,43,43,29,0,44,0,17,14,29,25,3,3
0000069_02480_d_0000007,64,50-100,669,41,51,53,53,32,0,49,0,29,20,34,30,1,1
0000072_02834_d_0000003,73,50-100,470,59,66,69,69,35,0,57,0,21,15,51,50,1,1
0000076_02142_d_0000009,11,<50,267,11,11,11,11,10,0,14,0,4,4,4,4,3,3
0000081_00000_d_0000001,86,50-100,551,55,70,76,76,21,0,48,0,74,58,12,12,0,0
0000086_00000_d_0000001,37,<50,471,30,32,34,34,26,0,40,0,21,16,16,16,0,0
0000086_00592_d_0000002,65,50-100,663,43,53,55,56,28,0,44,0,40,28,25,25,0,0
0000086_01084_d_0000003,146,100-150,777,61,85,97,103,30,0,57,0,132,72,14,13,0,0
0000086_01443_d_0000004,107,100-150,842,49,75,82,85,23,0,56,0,96,64,11,11,0,0
0000086_01954_d_0000005,173,150-300,736,69,90,107,109,26,0,55,0,163,81,10,9,0,0
0000103_00180_d_0000026,1,<50,46,1,1,1,1,2,0,2,0,0,0,0,0,1,1
0000103_00502_d_0000027,3,<50,59,3,3,3,3,4,0,4,0,0,0,0,0,3,3
0000103_01734_d_0000028,4,<50,80,4,4,4,4,5,0,6,0,0,0,0,0,4,4
0000103_02544_d_0000029,14,<50,632,11,12,14,14,7,0,17,0,0,0,10,8,4,4
0000103_02964_d_0000030,10,<50,293,10,10,10,10,11,0,19,0,0,0,0,0,10,10
0000103_03349_d_0000031,4,<50,88,4,4,4,4,4,0,7,0,0,0,0,0,4,4
0000103_03738_d_0000032,3,<50,74,3,3,3,3,3,0,4,0,0,0,0,0,3,3
0000103_04122_d_0000033,4,<50,119,4,4,4,4,4,0,4,0,0,0,4,4,0,0
0000103_04513_d_0000034,2,<50,66,2,2,2,2,3,0,5,0,0,0,1,1,1,1
0000103_04948_d_0000035,1,<50,45,1,1,1,1,1,0,2,0,0,0,0,0,1,1
0000115_00315_d_0000080,61,50-100,296,29,31,31,31,6,0,18,0,56,27,5,4,0,0
0000115_00796_d_0000081,78,50-100,685,39,55,61,62,18,0,49,0,67,46,11,9,0,0
0000115_01031_d_0000082,63,50-100,648,35,53,56,57,13,0,44,0,52,42,11,11,0,0
0000116_00351_d_0000083,74,50-100,878,42,52,56,56,27,0,55,0,65,44,9,8,0,0
0000116_00819_d_0000084,36,<50,450,21,28,28,28,12,0,25,0,24,20,12,8,0,0
0000116_01059_d_0000085,70,50-100,533,40,49,53,53,18,0,42,0,59,41,11,8,0,0
0000116_01338_d_0000086,54,50-100,555,30,36,38,38,13,0,33,0,47,31,5,4,2,1
0000117_00112_d_0000087,129,100-150,831,61,97,110,111,20,0,54,0,112,81,13,12,4,4
0000117_01326_d_0000088,62,50-100,722,40,51,55,58,19,0,57,0,34,28,27,22,1,1
0000117_01731_d_0000089,47,<50,373,42,44,44,44,25,0,48,0,27,24,15,15,5,5
0000117_02708_d_0000090,100,100-150,920,45,57,68,72,26,0,60,0,64,25,36,32,0,0
0000117_03096_d_0000091,24,<50,281,21,23,23,23,17,0,30,0,8,7,14,14,2,2
0000129_02411_d_0000138,186,150-300,447,82,111,116,116,20,0,52,0,73,3,113,108,0,0
0000153_00001_d_0000001,55,50-100,403,35,39,39,39,21,0,43,0,47,33,8,6,0,0
0000153_00401_d_0000001,59,50-100,480,38,44,46,46,27,0,43,0,47,32,11,11,1,1
0000153_00801_d_0000001,49,<50,318,25,30,31,31,12,0,22,0,40,23,9,7,0,0
0000153_01201_d_0000001,59,50-100,338,25,30,31,31,8,0,26,0,57,29,2,1,0,0
0000153_01601_d_0000001,63,50-100,306,34,36,36,36,15,0,32,0,57,32,5,3,1,1
0000153_01801_d_0000001,55,50-100,284,22,26,26,26,7,0,29,0,52,23,3,3,0,0
0000154_00001_d_0000001,51,50-100,357,28,34,34,34,16,0,37,0,43,26,8,8,0,0
0000154_00401_d_0000001,60,50-100,317,34,44,44,44,16,0,38,0,51,36,9,8,0,0
0000154_00801_d_0000001,72,50-100,392,36,46,49,49,15,0,30,0,67,41,5,5,0,0
0000154_01201_d_0000001,81,50-100,568,35,50,53,53,20,0,46,0,75,45,6,5,0,0
0000154_01601_d_0000001,101,100-150,536,50,69,78,78,20,0,45,0,86,56,15,13,0,0
0000154_02001_d_0000001,83,50-100,548,45,58,59,59,29,0,52,0,74,49,8,8,1,1
0000155_00001_d_0000001,97,50-100,574,53,63,70,70,37,0,79,0,73,42,23,20,1,1
0000155_00401_d_0000001,122,100-150,534,59,74,82,82,44,0,75,0,106,60,16,14,0,0
0000155_00801_d_0000001,106,100-150,594,58,76,85,85,30,0,68,0,86,59,20,17,0,0
0000155_01201_d_0000001,94,50-100,577,43,64,71,71,20,0,57,0,82,53,12,11,0,0
0000155_01601_d_0000001,73,50-100,660,42,54,58,58,27,0,78,0,63,44,10,10,0,0
0000155_01871_d_0000001,55,50-100,430,33,40,41,41,15,0,39,0,46,33,9,7,0,0
0000162_00001_d_0000001,34,<50,283,26,28,28,28,18,0,28,0,26,20,7,7,1,1
0000162_00401_d_0000001,45,<50,402,30,34,34,34,16,0,35,0,39,28,5,5,1,1
0000162_00801_d_0000001,30,<50,342,22,23,24,24,19,0,30,0,25,19,3,2,2,2
0000162_01058_d_0000001,57,50-100,582,36,40,43,43,13,0,23,0,48,32,9,8,0,0
0000163_00001_d_0000001,69,50-100,612,42,55,57,57,26,0,51,0,58,47,9,7,2,1
0000163_00359_d_0000001,54,50-100,384,28,34,35,35,13,0,26,0,49,31,5,3,0,0
0000165_04325_d_0000105,29,<50,386,18,20,21,21,13,0,26,0,14,9,12,9,3,2
0000166_00558_d_0000118,71,50-100,529,41,49,53,53,33,0,62,0,19,12,39,28,13,9
0000193_00000_d_0000103,63,50-100,600,40,48,49,49,25,0,51,0,54,39,9,9,0,0
0000193_01497_d_0000111,87,50-100,607,54,69,78,78,35,0,65,0,72,55,15,14,0,0
0000193_01705_d_0000112,134,100-150,834,61,83,96,100,35,0,62,0,117,66,17,17,0,0
0000193_01876_d_0000113,107,100-150,662,51,73,82,82,24,0,54,0,97,63,10,10,0,0
0000193_02029_d_0000114,93,50-100,728,40,62,68,69,16,0,46,0,82,52,11,10,0,0
0000193_02212_d_0000115,78,50-100,905,35,53,58,59,12,0,41,0,73,49,5,4,0,0
0000193_02416_d_0000116,50,50-100,500,20,34,36,36,2,0,12,0,47,31,3,3,0,0
0000193_02606_d_0000117,49,<50,470,23,27,31,31,4,0,24,0,48,27,1,0,0,0
0000193_02725_d_0000118,39,<50,443,23,28,30,30,2,0,12,0,38,27,1,1,0,0
0000194_00000_d_0000119,54,50-100,461,35,43,44,44,14,0,28,0,51,41,3,2,0,0
0000194_00200_d_0000120,76,50-100,505,37,48,50,50,18,0,46,0,67,39,9,9,0,0
0000194_00399_d_0000121,143,100-150,675,65,95,105,106,31,0,82,0,137,89,6,6,0,0
0000194_00625_d_0000122,83,50-100,563,47,61,67,67,17,0,63,0,73,51,10,10,0,0
0000194_00800_d_0000123,54,50-100,391,28,34,36,36,22,0,51,0,41,23,13,11,0,0
0000194_00998_d_0000124,42,<50,334,19,26,26,26,14,0,27,0,37,22,5,4,0,0
0000194_01192_d_0000125,23,<50,200,18,20,20,20,10,0,18,0,18,16,5,4,0,0
0000196_04512_d_0000144,69,50-100,591,35,45,46,46,17,0,34,0,62,38,7,7,0,0
0000199_01269_d_0000166,16,<50,175,13,13,13,13,13,0,23,0,7,4,8,8,1,1
0000213_02500_d_0000240,94,50-100,630,41,54,58,58,16,0,46,0,85,50,9,4,0,0
0000213_02965_d_0000241,94,50-100,706,55,69,77,77,34,0,56,0,62,41,29,25,3,3
0000213_03478_d_0000242,115,100-150,700,62,80,92,94,37,0,69,0,70,38,40,38,5,4
0000213_03920_d_0000243,164,150-300,898,65,108,127,133,38,0,84,0,98,50,60,52,6,6
0000213_04405_d_0000244,106,100-150,781,56,84,90,90,34,0,64,0,62,42,38,36,6,6
0000213_04998_d_0000245,137,100-150,986,62,85,101,107,30,0,77,0,94,50,38,30,5,5
0000213_05340_d_0000246,138,100-150,1000,64,97,110,113,43,0,87,0,95,60,40,34,3,3
0000213_05745_d_0000247,101,100-150,963,65,81,86,88,53,0,82,0,55,38,43,40,3,3
0000215_00000_d_0000256,157,150-300,665,49,71,88,89,37,0,60,0,132,47,24,23,1,1
0000215_00447_d_0000257,53,50-100,510,41,45,48,48,33,0,63,0,17,10,35,34,1,1
0000215_00909_d_0000258,93,50-100,542,59,77,81,81,40,0,54,0,54,39,37,36,2,2
0000215_01395_d_0000259,56,50-100,436,46,51,51,51,33,0,58,0,23,21,27,24,6,6
0000215_01869_d_0000260,78,50-100,541,48,64,71,71,37,0,73,0,50,36,24,24,4,4
0000215_02319_d_0000261,107,100-150,742,48,69,77,78,37,0,59,0,73,35,32,32,2,2
0000215_02667_d_0000262,83,50-100,722,61,67,73,73,49,0,80,0,48,35,35,32,0,0
0000215_02932_d_0000263,48,<50,405,37,39,40,40,35,0,47,0,18,13,27,23,3,3
0000215_03226_d_0000264,23,<50,332,21,21,21,21,10,0,23,0,12,11,10,9,1,1
0000216_00520_d_0000001,109,100-150,668,34,55,69,70,4,0,14,0,78,31,31,24,0,0
0000220_01242_d_0000004,37,<50,247,24,25,25,25,15,0,21,0,25,16,10,7,2,2
0000223_01802_d_0000005,64,50-100,485,39,47,50,50,29,0,54,0,41,28,23,19,0,0
0000237_00001_d_0000001,15,<50,337,8,10,10,10,2,0,3,0,13,8,2,2,0,0
0000242_00001_d_0000001,42,<50,395,27,31,32,32,19,0,28,0,28,21,13,9,1,1
0000242_00500_d_0000002,53,50-100,469,33,39,40,40,17,0,31,0,41,29,12,10,0,0
0000242_00627_d_0000003,45,<50,415,34,37,37,37,19,0,36,0,38,30,6,6,1,1
0000242_00843_d_0000004,2,<50,37,2,2,2,2,2,0,2,0,0,0,0,0,2,2
0000242_00963_d_0000005,13,<50,192,10,11,11,11,8,0,13,0,5,3,5,5,3,3
0000242_01139_d_0000006,72,50-100,438,36,46,50,50,17,0,31,0,65,40,7,6,0,0
0000242_01475_d_0000007,65,50-100,391,53,56,56,56,33,0,57,0,45,36,18,18,2,2
0000242_01912_d_0000008,50,50-100,392,25,26,26,26,16,0,25,0,49,25,1,1,0,0
0000242_02400_d_0000009,34,<50,342,28,32,33,33,20,0,30,0,29,27,5,5,0,0
0000242_02762_d_0000010,33,<50,460,28,30,30,30,22,0,35,0,24,21,9,9,0,0
0000242_03199_d_0000011,9,<50,92,7,7,7,7,2,0,6,0,6,4,3,3,0,0
0000242_03668_d_0000012,41,<50,526,24,30,31,31,21,0,28,0,29,19,11,10,1,1
0000242_04116_d_0000013,8,<50,144,4,5,5,5,4,0,7,0,5,2,3,3,0,0
0000242_04600_d_0000014,29,<50,201,27,28,28,28,19,0,25,0,14,13,15,15,0,0
0000242_05059_d_0000015,37,<50,285,14,18,18,18,3,0,6,0,36,17,1,1,0,0
0000242_05570_d_0000016,32,<50,327,24,26,26,26,13,0,20,0,30,24,2,2,0,0
0000242_06010_d_0000017,41,<50,227,18,22,22,22,6,0,17,0,40,21,1,1,0,0
0000242_06452_d_0000018,12,<50,293,11,11,11,11,5,0,17,0,10,9,2,2,0,0
0000244_00001_d_0000001,46,<50,416,35,39,40,40,19,0,25,0,39,32,7,7,0,0
0000244_00500_d_0000002,32,<50,370,19,23,23,23,15,0,29,0,28,19,4,4,0,0
0000244_01000_d_0000003,122,100-150,524,37,52,56,56,19,0,37,0,114,45,8,7,0,0
0000244_01500_d_0000004,96,50-100,556,51,66,70,70,17,0,42,0,92,62,4,4,0,0
0000244_02000_d_0000005,129,100-150,708,53,72,75,80,24,0,46,0,122,66,7,6,0,0
0000244_02500_d_0000006,113,100-150,770,50,70,75,75,22,0,44,0,102,59,11,11,0,0
0000244_03000_d_0000007,44,<50,457,31,33,33,33,16,0,25,0,39,28,5,5,0,0
0000244_03500_d_0000008,146,100-150,932,44,69,80,89,20,0,42,0,129,59,17,10,0,0
0000244_04000_d_0000009,56,50-100,437,38,43,43,43,19,0,39,0,41,31,13,10,2,2
0000244_04400_d_0000010,101,100-150,997,56,72,83,87,37,0,85,0,78,50,22,22,1,0
0000244_04900_d_0000011,106,100-150,885,69,93,98,100,41,0,74,0,73,60,33,33,0,0
0000244_05400_d_0000012,90,50-100,780,54,64,70,73,28,0,56,0,78,52,12,12,0,0
0000244_05900_d_0000013,66,50-100,582,35,41,46,46,18,0,32,0,65,40,1,1,0,0
0000244_06388_d_0000014,46,<50,425,27,30,31,31,6,0,15,0,46,30,0,0,0,0
0000249_00001_d_0000001,80,50-100,627,37,41,43,43,20,0,38,0,72,36,8,5,0,0
0000249_00235_d_0000002,85,50-100,419,42,53,55,55,24,0,34,0,71,40,14,13,0,0
0000249_00603_d_0000003,48,<50,271,27,29,29,29,17,0,21,0,45,26,3,3,0,0
0000249_01100_d_0000004,27,<50,330,23,25,25,25,11,0,20,0,23,21,4,4,0,0
0000249_01514_d_0000005,51,50-100,537,36,41,43,43,27,0,38,0,36,27,15,14,0,0
0000249_01635_d_0000006,80,50-100,500,33,38,40,40,19,0,36,0,71,29,9,9,0,0
0000249_02073_d_0000007,67,50-100,382,26,33,34,34,13,0,23,0,61,29,6,4,0,0
0000249_02468_d_0000008,18,<50,226,10,11,11,11,5,0,6,0,11,7,7,4,0,0
0000249_02900_d_0000009,101,100-150,717,55,74,77,77,31,0,50,0,89,62,12,12,0,0
0000249_03400_d_0000010,92,50-100,678,57,74,80,81,33,0,55,0,79,61,13,13,0,0
0000249_03900_d_0000011,85,50-100,454,43,48,52,52,20,0,36,0,73,37,12,11,0,0
0000253_00001_d_0000001,106,100-150,276,40,73,73,73,0,0,3,0,106,73,0,0,0,0
0000256_00715_d_0000019,90,50-100,587,48,58,65,65,30,0,64,0,76,45,11,10,3,3
0000256_02173_d_0000030,47,<50,528,29,38,39,39,12,0,39,0,28,22,16,13,3,3
0000263_02401_d_0000179,17,<50,221,17,17,17,17,13,0,20,0,6,6,6,6,5,5
0000269_00001_d_0000348,128,100-150,597,54,63,63,63,35,0,53,0,106,42,21,20,1,1
0000269_00201_d_0000349,47,<50,483,45,47,47,47,36,0,49,0,27,27,20,20,0,0
0000269_00601_d_0000351,93,50-100,633,57,69,74,74,43,0,63,0,72,50,21,19,0,0
0000271_00001_d_0000374,58,50-100,543,37,47,51,51,20,0,44,0,39,31,17,14,2,2
0000271_00201_d_0000375,75,50-100,650,48,61,65,65,40,0,75,0,48,38,27,23,0,0
0000271_00401_d_0000376,25,<50,418,13,17,18,18,16,0,25,0,16,10,8,6,1,1
0000271_00601_d_0000377,79,50-100,670,43,54,58,58,33,0,70,0,61,42,15,11,3,1
0000271_00801_d_0000378,63,50-100,590,37,40,41,41,31,0,61,0,48,29,15,11,0,0
0000271_01201_d_0000379,59,50-100,579,36,42,45,45,23,0,56,0,36,23,21,17,2,2
0000271_01401_d_0000380,55,50-100,754,37,44,46,46,38,0,67,0,36,26,17,16,2,2
0000271_01601_d_0000381,48,<50,607,27,32,35,35,28,0,40,0,34,21,13,10,1,1
0000271_02401_d_0000385,84,50-100,711,36,50,55,55,25,0,50,0,58,30,25,20,1,0
0000271_02601_d_0000386,79,50-100,806,44,58,63,65,35,0,63,0,51,32,23,21,5,5
0000271_03001_d_0000387,56,50-100,806,33,42,44,44,28,0,59,0,44,31,10,9,2,2
0000271_03801_d_0000391,57,50-100,487,40,44,45,45,24,0,46,0,41,28,16,16,0,0
0000271_04401_d_0000394,86,50-100,576,49,63,63,63,39,0,61,0,60,40,24,21,2,2
0000271_04801_d_0000396,50,50-100,545,36,39,39,39,20,0,37,0,33,24,17,15,0,0
0000271_05001_d_0000397,90,50-100,698,44,54,62,63,28,0,53,0,78,46,11,8,1,0
0000271_05201_d_0000398,70,50-100,560,51,55,57,57,34,0,50,0,44,35,24,19,2,1
0000271_05401_d_0000399,71,50-100,387,40,45,48,48,34,0,45,0,50,29,17,12,4,4
0000271_05601_d_0000400,86,50-100,494,48,60,62,62,30,0,55,0,67,43,17,15,2,2
0000271_05801_d_0000401,104,100-150,468,64,76,81,81,41,0,65,0,64,48,36,26,4,2
0000271_06001_d_0000402,158,150-300,698,74,106,115,115,60,0,85,0,106,56,46,44,6,6
0000271_06201_d_0000403,142,100-150,696,66,93,110,111,48,0,67,0,87,49,53,42,2,2
0000271_06401_d_0000404,128,100-150,655,72,90,97,97,46,0,70,0,74,46,51,41,3,3
0000271_06601_d_0000405,105,100-150,627,72,89,95,95,59,0,80,0,42,30,59,55,4,4
0000271_06801_d_0000406,95,50-100,597,68,83,84,84,55,0,70,0,45,35,46,44,4,4
0000271_07001_d_0000407,58,50-100,418,33,37,37,37,27,0,38,0,42,22,11,10,5,5
0000271_07201_d_0000408,25,<50,293,19,20,20,20,7,0,19,0,22,17,2,2,1,1
0000271_07401_d_0000409,42,<50,449,31,34,34,34,27,0,39,0,17,12,22,19,3,3
0000273_05601_d_0000466,32,<50,611,21,26,28,28,8,0,24,0,7,5,23,19,2,2
0000276_00001_d_0000507,55,50-100,318,37,41,41,41,25,0,42,0,43,29,11,11,1,1
0000276_00401_d_0000509,62,50-100,390,29,34,35,35,26,0,50,0,50,22,12,12,0,0
0000276_00601_d_0000510,37,<50,322,21,24,24,24,16,0,27,0,28,15,8,8,1,1
0000276_01001_d_0000512,42,<50,461,23,30,30,30,15,0,22,0,30,22,12,8,0,0
0000276_01201_d_0000513,29,<50,335,21,22,22,22,12,0,18,0,20,13,9,9,0,0
0000276_01401_d_0000514,25,<50,347,13,17,19,19,5,0,21,0,18,11,5,4,2,2
0000276_01801_d_0000516,21,<50,418,10,13,13,13,6,0,10,0,19,11,1,1,1,1
0000276_02001_d_0000517,15,<50,254,14,14,14,14,6,0,13,0,15,14,0,0,0,0
0000276_02201_d_0000518,41,<50,296,23,28,28,28,14,0,23,0,29,18,11,9,1,1
0000276_02401_d_0000519,48,<50,367,23,25,25,25,9,0,25,0,40,17,7,7,1,1
0000276_02601_d_0000520,32,<50,330,21,23,23,23,14,0,29,0,26,18,6,5,0,0
0000276_02801_d_0000521,37,<50,351,24,24,24,24,14,0,34,0,32,20,3,2,2,2
0000276_03001_d_0000522,38,<50,334,22,25,25,25,18,0,27,0,30,17,8,8,0,0
0000276_03201_d_0000523,60,50-100,488,22,25,26,26,14,0,25,0,54,20,6,5,0,0
0000276_03401_d_0000524,61,50-100,581,28,32,33,33,16,0,35,0,54,26,6,6,1,0
0000276_03601_d_0000525,46,<50,386,35,39,40,40,25,0,46,0,35,28,11,11,0,0
0000276_03801_d_0000526,64,50-100,660,34,40,44,45,22,0,43,0,42,20,21,19,1,1
0000276_04001_d_0000527,54,50-100,700,18,25,28,28,6,0,21,0,40,16,13,9,1,0
0000276_04201_d_0000528,59,50-100,511,49,56,57,57,32,0,57,0,26,23,28,28,5,5
0000276_04401_d_0000529,40,<50,368,40,40,40,40,32,0,45,0,5,5,29,29,6,6
0000276_04601_d_0000530,10,<50,119,8,8,8,8,6,0,8,0,8,6,1,1,1,1
0000276_04801_d_0000531,10,<50,97,7,7,7,7,3,0,9,0,6,3,3,3,1,1
0000276_05001_d_0000532,7,<50,133,6,6,6,6,8,0,9,0,5,4,2,2,0,0
0000276_05201_d_0000533,6,<50,188,5,5,5,5,5,0,8,0,3,2,2,2,1,1
0000276_05601_d_0000535,10,<50,177,5,5,5,5,4,0,8,0,10,5,0,0,0,0
0000276_05801_d_0000536,7,<50,106,4,4,4,4,4,0,6,0,7,4,0,0,0,0
0000276_06001_d_0000537,14,<50,118,7,7,7,7,4,0,7,0,12,5,2,2,0,0
0000277_00001_d_0000539,85,50-100,771,45,54,61,62,38,0,72,0,65,38,19,15,1,1
0000277_00201_d_0000540,83,50-100,764,46,56,61,62,29,0,64,0,51,27,30,27,2,2
0000277_00401_d_0000541,117,100-150,529,50,67,70,70,24,0,47,0,93,46,24,21,0,0
0000277_01401_d_0000546,78,50-100,650,45,59,61,61,34,0,52,0,42,26,34,31,2,2
0000277_01601_d_0000547,78,50-100,674,49,56,60,60,33,0,57,0,45,24,32,31,1,1
0000277_01801_d_0000548,101,100-150,760,54,66,70,74,45,0,70,0,62,31,37,33,2,2
0000277_02001_d_0000549,83,50-100,700,54,65,71,71,39,0,64,0,36,23,40,35,7,7
0000277_02201_d_0000550,68,50-100,676,49,55,59,60,36,0,59,0,33,23,32,29,3,3
0000277_02401_d_0000551,90,50-100,712,57,67,69,70,35,0,67,0,62,39,25,25,3,3
0000277_02601_d_0000552,121,100-150,695,51,67,74,74,32,0,61,0,94,43,26,23,1,1
0000277_03201_d_0000554,85,50-100,596,44,51,54,54,37,0,62,0,60,26,25,25,0,0
0000277_03401_d_0000555,103,100-150,733,54,69,74,75,39,0,67,0,72,39,31,30,0,0
0000277_03601_d_0000556,59,50-100,456,45,53,53,53,37,0,52,0,25,20,32,31,2,2
0000277_04001_d_0000558,74,50-100,599,51,63,63,63,36,0,71,0,52,41,16,16,6,6
0000277_04201_d_0000559,67,50-100,684,49,55,57,57,39,0,70,0,39,29,24,22,4,4
0000277_04401_d_0000560,70,50-100,573,46,54,56,56,40,0,57,0,34,22,34,30,2,2
0000277_04601_d_0000561,95,50-100,566,56,67,71,71,40,0,58,0,63,38,30,27,2,2
0000277_05001_d_0000562,97,50-100,645,58,71,75,76,41,0,76,0,61,36,35,34,1,1
0000280_00001_d_0000612,87,50-100,781,44,62,72,73,37,0,65,0,65,43,20,17,2,2
0000280_00201_d_0000613,47,<50,762,32,39,41,41,28,0,51,0,21,14,24,23,2,2
0000280_00401_d_0000614,59,50-100,561,35,41,45,45,25,0,48,0,35,19,22,20,2,2
0000280_00601_d_0000615,74,50-100,764,24,36,44,44,16,0,41,0,57,26,15,9,2,1
0000280_00801_d_0000616,70,50-100,795,39,51,54,56,22,0,49,0,46,31,23,19,1,1
0000280_01001_d_0000617,125,100-150,804,45,57,67,71,33,0,55,0,102,37,21,18,2,2
0000280_01201_d_0000618,134,100-150,639,49,65,73,73,35,0,53,0,97,34,34,28,3,3
0000280_01401_d_0000619,110,100-150,785,50,74,83,88,35,0,60,0,73,46,33,24,4,4
0000280_01601_d_0000620,103,100-150,628,51,75,79,79,35,0,56,0,70,46,30,26,3,3
0000280_01801_d_0000621,90,50-100,473,40,51,53,53,28,0,43,0,72,35,16,14,2,2
0000280_02001_d_0000622,66,50-100,369,50,58,58,58,29,0,38,0,44,37,21,20,1,1
0000280_02201_d_0000623,80,50-100,507,44,57,58,58,30,0,49,0,57,37,20,17,3,3
0000280_02401_d_0000624,92,50-100,424,42,47,49,49,25,0,44,0,67,27,23,18,2,2
0000280_02601_d_0000625,73,50-100,605,36,44,45,45,28,0,42,0,48,22,23,20,2,2
0000280_02801_d_0000626,55,50-100,449,41,45,46,46,29,0,46,0,31,25,20,17,4,3
0000280_03001_d_0000627,88,50-100,497,41,56,60,60,25,0,53,0,60,38,25,16,3,2
0000280_03201_d_0000628,82,50-100,540,50,56,58,58,31,0,59,0,52,28,28,26,2,2
0000280_03401_d_0000629,83,50-100,506,38,44,48,48,35,0,51,0,56,20,26,23,1,1
0000283_00401_d_0000676,6,<50,60,5,5,5,5,4,0,5,0,1,1,4,3,1,1
0000283_00601_d_0000677,9,<50,81,5,5,5,5,4,0,6,0,7,3,2,2,0,0
0000283_00801_d_0000678,8,<50,39,2,2,2,2,2,0,3,0,7,1,1,1,0,0
0000283_01001_d_0000679,4,<50,30,4,4,4,4,4,0,4,0,0,0,3,3,1,1
0000287_00001_d_0000759,52,50-100,582,35,40,43,43,21,0,30,0,37,26,13,12,2,2
0000287_00201_d_0000760,51,50-100,440,37,42,43,43,26,0,36,0,27,20,22,20,2,2
0000287_00401_d_0000761,44,<50,429,34,37,37,37,26,0,38,0,22,15,18,18,4,4
0000287_00601_d_0000762,93,50-100,458,39,47,50,50,26,0,37,0,72,28,17,15,4,4
0000287_00801_d_0000763,58,50-100,575,41,47,52,52,22,0,51,0,34,24,19,18,5,5
0000287_01001_d_0000764,71,50-100,507,38,48,51,51,23,0,49,0,49,27,19,18,3,3
0000287_01201_d_0000765,68,50-100,734,40,50,51,51,28,0,50,0,45,29,20,18,3,3
0000287_01401_d_0000766,68,50-100,480,45,50,52,52,31,0,50,0,46,29,21,20,1,1
0000287_01601_d_0000767,74,50-100,533,36,46,46,46,26,0,41,0,58,31,16,15,0,0
0000287_01801_d_0000768,56,50-100,471,37,43,45,45,26,0,49,0,39,27,17,16,0,0
0000287_02001_d_0000769,44,<50,425,34,38,39,39,32,0,45,0,28,22,14,14,2,2
0000287_02201_d_0000770,27,<50,343,17,19,19,19,11,0,18,0,15,7,11,11,1,1
0000287_02401_d_0000771,18,<50,177,16,16,16,16,10,0,17,0,6,4,9,9,3,3
0000287_02601_d_0000772,44,<50,565,22,27,31,31,17,0,32,0,24,13,20,14,0,0
0000287_02801_d_0000773,60,50-100,1000,29,40,46,46,24,0,52,0,32,17,27,22,1,1
0000287_03001_d_0000774,18,<50,436,14,14,15,15,10,0,15,0,4,0,13,13,1,1
0000287_03401_d_0000776,56,50-100,614,41,46,46,46,30,0,47,0,12,5,43,40,1,1
0000287_04601_d_0000780,88,50-100,547,46,52,55,55,35,0,52,0,51,15,37,37,0,0
0000287_04801_d_0000781,53,50-100,922,31,34,36,36,18,0,41,0,25,7,27,26,1,1
0000287_05001_d_0000782,62,50-100,560,27,33,36,36,20,0,34,0,36,7,25,25,1,1
0000289_00001_d_0000811,41,<50,432,26,31,31,31,19,0,29,0,22,12,18,18,1,1
0000289_00201_d_0000812,43,<50,471,28,33,35,35,18,0,27,0,20,12,21,19,2,2
0000289_00401_d_0000813,53,50-100,721,35,40,43,43,24,0,42,0,20,12,26,22,7,6
0000289_00601_d_0000814,43,<50,735,25,30,31,32,26,0,44,0,12,4,29,24,2,2
0000289_00801_d_0000815,39,<50,758,25,30,32,32,17,0,26,0,11,8,26,20,2,2
0000289_01001_d_0000816,33,<50,561,24,27,28,28,13,0,24,0,7,5,24,20,2,2
0000289_01201_d_0000817,43,<50,654,22,29,31,32,13,0,25,0,18,11,24,17,1,1
0000289_01401_d_0000818,39,<50,624,33,39,39,39,17,0,37,0,9,9,25,25,5,5
0000289_01601_d_0000819,44,<50,642,32,36,37,39,18,0,30,0,20,14,21,19,3,3
0000289_02001_d_0000821,43,<50,425,32,37,38,38,23,0,32,0,17,12,24,23,2,2
0000289_02201_d_0000822,29,<50,318,24,27,27,27,7,0,24,0,7,6,13,12,9,9
0000289_02401_d_0000823,49,<50,486,35,39,39,39,28,0,40,0,32,23,16,15,1,1
0000289_02601_d_0000824,58,50-100,600,37,45,48,48,25,0,38,0,34,23,24,22,0,0
0000289_03001_d_0000826,61,50-100,736,37,46,49,49,28,0,40,0,32,20,28,25,1,1
0000289_03201_d_0000827,80,50-100,797,37,44,49,53,21,0,41,0,43,18,34,24,3,2
0000289_03401_d_0000828,54,50-100,691,36,38,41,41,23,0,39,0,31,19,19,15,4,4
0000289_03601_d_0000829,77,50-100,822,24,37,40,42,15,0,32,0,52,19,23,17,2,1
0000289_03801_d_0000830,100,100-150,955,35,47,58,62,16,0,30,0,74,29,23,15,3,3
0000289_04001_d_0000831,80,50-100,878,29,47,54,55,28,0,49,0,61,29,17,16,2,2
0000289_04201_d_0000832,88,50-100,858,45,62,68,69,28,0,69,0,72,46,15,15,1,1
0000289_04401_d_0000833,100,100-150,953,53,76,84,86,43,0,109,0,66,47,30,25,4,4
0000289_04601_d_0000834,93,50-100,941,59,78,86,88,42,0,83,0,38,26,54,51,1,1
0000289_04801_d_0000835,71,50-100,872,43,49,53,57,32,0,54,0,40,19,30,29,1,1
0000289_05001_d_0000836,65,50-100,953,48,54,59,60,31,0,71,0,27,18,35,33,3,3
0000289_05201_d_0000837,79,50-100,996,38,53,59,64,32,0,71,0,41,17,35,33,3,3
0000289_05401_d_0000838,81,50-100,910,42,50,58,61,31,0,61,0,32,8,44,38,5,4
0000289_05601_d_0000839,107,100-150,1000,53,68,77,80,33,0,73,0,72,38,32,27,3,3
0000289_05801_d_0000840,78,50-100,1000,44,52,57,60,29,0,56,0,49,25,26,24,3,3
0000289_06001_d_0000841,80,50-100,954,46,55,63,63,28,0,51,0,45,25,33,28,2,2
0000289_06201_d_0000842,79,50-100,929,49,54,63,66,37,0,60,0,39,20,38,32,2,2
0000289_06401_d_0000843,79,50-100,782,37,49,55,59,30,0,48,0,51,23,24,22,4,4
0000289_06601_d_0000844,88,50-100,723,47,56,61,63,32,0,50,0,51,26,34,27,3,3
0000289_06801_d_0000845,98,50-100,992,48,57,65,67,33,0,51,0,78,37,20,20,0,0
0000289_07001_d_0000846,74,50-100,388,32,43,43,43,17,0,29,0,45,15,29,28,0,0
0000289_07201_d_0000847,40,<50,1000,27,34,36,37,27,0,53,0,18,13,22,21,0,0
0000290_04001_d_0000867,79,50-100,679,51,65,68,68,38,0,56,0,47,33,32,32,0,0
0000291_00001_d_0000868,178,150-300,975,43,71,88,96,18,0,54,0,155,54,23,17,0,0
0000291_00201_d_0000869,113,100-150,769,45,69,83,83,18,0,44,0,89,46,24,23,0,0
0000291_00401_d_0000870,166,150-300,990,50,81,94,98,29,0,74,0,139,56,27,25,0,0
0000291_00601_d_0000871,120,100-150,837,52,83,92,93,40,0,84,0,63,30,53,49,4,4
0000291_01001_d_0000873,159,150-300,935,58,83,102,109,34,0,82,0,122,49,36,33,1,1
0000291_01201_d_0000874,212,150-300,992,59,104,129,151,42,0,110,0,135,44,76,59,1,1
0000291_01401_d_0000875,154,150-300,974,60,87,102,112,29,0,89,0,114,51,39,35,1,1
0000291_01601_d_0000876,87,50-100,964,49,73,75,78,43,0,85,0,37,28,43,38,7,7
0000291_01801_d_0000877,113,100-150,648,64,91,98,99,49,0,95,0,50,32,56,52,7,7
0000291_02001_d_0000878,172,150-300,992,64,104,131,141,53,0,106,0,87,37,81,63,4,4
0000291_02201_d_0000879,149,100-150,978,63,100,116,126,43,0,88,0,77,45,70,53,2,2
0000291_02601_d_0000881,178,150-300,1000,69,110,132,148,44,0,93,0,109,57,68,52,1,1
0000291_03201_d_0000884,229,150-300,956,67,124,158,171,40,0,92,0,170,73,58,50,1,1
0000291_03401_d_0000885,187,150-300,993,65,122,150,162,44,0,77,0,109,59,71,56,7,7
0000291_03601_d_0000886,112,100-150,799,58,80,94,99,30,0,68,0,49,34,58,42,5,4
0000291_03801_d_0000887,191,150-300,1000,58,99,132,153,21,0,56,0,124,43,66,55,1,1
0000291_04001_d_0000888,108,100-150,829,62,91,99,100,41,0,97,0,44,34,61,54,3,3
0000291_04201_d_0000889,111,100-150,1000,60,87,98,100,50,0,100,0,47,32,60,51,4,4
0000291_04401_d_0000890,126,100-150,958,57,94,106,113,45,0,111,0,53,33,70,58,3,3
0000291_05001_d_0000892,135,100-150,947,65,97,112,120,53,0,109,0,72,39,61,56,2,2
0000291_05201_d_0000893,207,150-300,961,69,129,154,167,54,0,113,0,143,77,62,50,2,2
0000293_03601_d_0000940,117,100-150,685,51,73,82,84,39,0,66,0,94,51,23,22,0,0
0000295_00000_d_0000021,130,100-150,482,51,64,66,66,28,0,41,0,116,51,13,12,1,1
0000295_00200_d_0000022,78,50-100,471,59,62,62,62,40,0,64,0,53,38,23,22,2,2
0000295_00600_d_0000024,186,150-300,839,61,79,88,92,39,0,61,0,166,60,18,17,2,2
0000295_00800_d_0000025,147,100-150,630,61,87,98,98,41,0,67,0,121,62,23,22,3,3
0000295_01000_d_0000026,251,150-300,703,64,91,103,105,49,0,72,0,226,68,23,22,2,1
0000295_01200_d_0000027,200,150-300,684,62,99,113,117,30,0,54,0,182,83,18,16,0,0
0000295_01400_d_0000028,189,150-300,760,66,92,109,115,35,0,72,0,172,77,17,15,0,0
0000295_01600_d_0000029,138,100-150,711,68,100,114,116,42,0,71,0,105,69,32,30,1,1
0000295_01800_d_0000030,306,>300,873,78,125,140,149,47,0,79,0,269,89,37,36,0,0
0000295_02000_d_0000031,311,>300,881,83,133,162,175,50,0,103,0,261,85,50,48,0,0
0000295_02200_d_0000032,193,150-300,671,79,120,137,139,52,0,83,0,134,70,58,49,1,1
0000295_02400_d_0000033,317,>300,982,70,123,166,192,40,0,78,0,280,91,35,30,2,2
0000295_02900_d_0000034,212,150-300,845,77,126,138,146,53,0,85,0,172,89,36,33,4,4
0000296_00601_d_0000038,91,50-100,550,54,68,72,72,39,0,53,0,56,33,27,27,8,8
0000296_01001_d_0000040,181,150-300,709,79,109,122,124,56,0,75,0,128,58,46,44,7,7
0000300_03201_d_0000154,66,50-100,661,40,53,57,57,34,0,61,0,40,27,25,25,1,1
0000301_00001_d_0000156,96,50-100,719,54,68,74,74,30,0,75,0,65,40,26,23,5,5
0000301_00201_d_0000157,90,50-100,731,48,59,62,62,42,0,58,0,52,23,33,31,5,5
0000301_01001_d_0000161,64,50-100,431,33,41,45,45,23,0,41,0,48,26,14,13,2,2
0000301_01201_d_0000162,61,50-100,654,37,43,47,48,29,0,46,0,40,23,18,17,3,3
0000303_03401_d_0000200,82,50-100,772,42,52,56,56,22,0,44,0,64,35,18,17,0,0
0000308_04401_d_0000327,98,50-100,692,63,71,81,84,46,0,69,0,68,42,27,26,3,3
0000312_00001_d_0000414,112,100-150,760,67,87,96,98,54,0,80,0,59,38,51,47,2,2
0000312_00201_d_0000415,108,100-150,704,61,89,97,99,54,0,87,0,56,40,44,42,8,7
0000312_00601_d_0000417,59,50-100,526,42,48,49,49,32,0,54,0,30,19,24,24,5,5
0000312_01001_d_0000419,80,50-100,625,51,66,69,70,43,0,84,0,42,28,28,28,10,10
0000312_01201_d_0000420,82,50-100,608,51,68,74,74,47,0,83,0,44,32,30,28,8,8
0000312_02201_d_0000425,78,50-100,508,49,58,62,62,39,0,83,0,41,22,36,35,1,1
0000312_02401_d_0000426,80,50-100,499,49,57,61,61,39,0,70,0,42,21,33,31,5,5
0000312_04201_d_0000435,80,50-100,410,52,66,68,68,36,0,53,0,50,36,29,29,1,1
0000313_06401_d_0000468,91,50-100,820,34,42,49,53,22,0,44,0,85,36,6,6,0,0
0000313_06601_d_0000469,165,150-300,969,50,66,74,79,32,0,59,0,156,60,9,6,0,0
0000313_07001_d_0000471,5,<50,368,4,4,4,4,1,0,5,0,4,3,1,1,0,0
0000315_01601_d_0000509,98,50-100,524,50,65,67,67,34,0,45,0,82,50,16,15,0,0
0000316_00001_d_0000519,69,50-100,547,25,33,38,38,11,0,22,0,61,31,8,2,0,0
0000316_00201_d_0000520,54,50-100,425,24,30,32,32,14,0,28,0,37,24,17,6,0,0
0000316_00401_d_0000521,23,<50,454,10,12,13,13,6,0,12,0,11,3,11,8,1,1
0000316_00601_d_0000522,35,<50,536,17,19,22,22,9,0,22,0,29,14,6,5,0,0
0000316_00801_d_0000523,27,<50,535,18,19,19,19,13,0,32,0,22,14,5,5,0,0
0000316_01001_d_0000524,18,<50,351,12,13,13,13,2,0,6,0,14,12,4,1,0,0
0000316_01201_d_0000525,43,<50,727,36,37,38,38,21,0,39,0,25,22,18,15,0,0
0000316_01401_d_0000526,34,<50,563,27,29,30,30,26,0,41,0,19,16,14,12,1,1
0000316_01601_d_0000527,29,<50,575,23,26,27,27,20,0,33,0,17,15,11,10,1,1
0000316_01801_d_0000528,11,<50,133,10,10,10,10,6,0,11,0,1,1,8,7,2,2
0000316_02001_d_0000529,9,<50,638,5,6,8,8,6,0,15,0,4,3,4,3,1,0
0000316_02201_d_0000530,7,<50,69,6,6,6,6,7,0,8,0,2,1,4,4,1,1
0000323_02601_d_0000645,91,50-100,503,45,68,73,73,27,0,61,0,71,50,17,15,3,3
0000327_00001_d_0000711,70,50-100,603,43,50,52,52,33,0,47,0,46,32,23,17,1,1
0000327_00201_d_0000712,60,50-100,418,40,42,42,42,32,0,41,0,38,22,19,17,3,3
0000327_00401_d_0000713,64,50-100,381,32,41,41,41,22,0,45,0,40,18,24,23,0,0
0000327_00601_d_0000714,84,50-100,576,40,59,63,63,31,0,64,0,58,38,25,20,1,1
0000327_00801_d_0000715,84,50-100,657,59,72,77,77,48,0,84,0,57,45,24,24,3,3
0000327_01001_d_0000716,83,50-100,511,56,61,62,62,40,0,54,0,51,34,32,27,0,0
0000327_01201_d_0000717,69,50-100,461,38,45,50,50,36,0,49,0,34,18,31,23,4,4
0000327_01401_d_0000718,93,50-100,422,51,57,58,58,27,0,43,0,71,39,18,14,4,4
0000327_01801_d_0000720,62,50-100,585,38,45,46,46,26,0,43,0,45,28,17,17,0,0
0000327_02601_d_0000724,57,50-100,579,33,41,41,41,25,0,38,0,43,28,14,13,0,0
0000327_02801_d_0000725,73,50-100,774,41,50,55,55,31,0,62,0,48,28,24,21,1,1
0000327_03001_d_0000726,75,50-100,354,40,46,46,46,21,0,36,0,56,30,19,16,0,0
0000327_03201_d_0000727,110,100-150,606,37,47,54,54,20,0,35,0,88,36,21,10,1,1
0000327_03401_d_0000728,75,50-100,504,44,44,47,47,31,0,50,0,56,27,18,16,1,1
0000327_03601_d_0000729,60,50-100,535,45,54,55,55,22,0,42,0,47,41,12,12,1,1
0000327_03801_d_0000730,103,100-150,784,55,74,78,81,36,0,68,0,85,58,16,14,2,2
0000327_04001_d_0000731,136,100-150,812,56,69,74,74,33,0,66,0,117,51,18,17,1,1
0000327_04201_d_0000732,110,100-150,895,54,73,78,81,39,0,78,0,86,53,23,20,1,0
0000330_00001_d_0000800,80,50-100,878,42,49,55,55,34,0,56,0,55,27,25,22,0,0
0000330_00201_d_0000801,130,100-150,649,50,63,69,70,36,0,50,0,101,38,27,23,2,2
0000330_00401_d_0000802,112,100-150,764,57,74,80,81,32,0,59,0,88,53,22,19,2,2
0000330_00601_d_0000803,94,50-100,678,46,58,64,65,30,0,45,0,72,39,19,16,3,3
0000330_00801_d_0000804,93,50-100,525,57,66,68,68,35,0,52,0,58,33,33,31,2,2
0000330_01001_d_0000805,93,50-100,529,46,60,61,61,32,0,66,0,68,36,23,22,2,2
0000330_01201_d_0000806,110,100-150,718,49,64,73,73,28,0,56,0,80,37,27,24,3,3
0000330_01401_d_0000807,161,150-300,900,68,95,115,122,40,0,87,0,111,49,47,43,3,3
0000330_01601_d_0000808,99,50-100,503,56,63,63,63,42,0,65,0,76,40,23,23,0,0
0000330_01801_d_0000809,64,50-100,389,45,57,58,58,35,0,65,0,38,31,26,26,0,0
0000330_02001_d_0000810,57,50-100,324,42,48,48,48,32,0,48,0,35,26,21,21,1,1
0000330_02201_d_0000811,44,<50,285,38,40,40,40,27,0,56,0,26,22,15,15,3,3
0000330_02801_d_0000814,45,<50,342,35,39,39,39,27,0,56,0,28,22,15,15,2,2
0000330_03001_d_0000815,45,<50,317,34,39,39,39,25,0,45,0,28,22,14,14,3,3
0000330_03201_d_0000816,69,50-100,386,53,62,64,64,37,0,64,0,29,25,36,33,4,4
0000330_04001_d_0000820,38,<50,304,33,36,36,36,28,0,49,0,10,9,23,22,5,5
0000330_04201_d_0000821,162,150-300,805,64,98,122,127,35,0,70,0,129,70,28,23,5,5
0000330_04401_d_0000822,38,<50,264,32,32,32,32,25,0,40,0,23,17,14,14,1,1
0000330_04601_d_0000823,62,50-100,478,39,47,49,49,23,0,47,0,48,33,12,12,2,2
0000333_00001_d_0000001,68,50-100,521,35,48,54,54,16,0,29,0,35,19,33,29,0,0
0000333_01765_d_0000010,120,100-150,234,37,49,49,49,3,0,23,0,84,19,36,30,0,0
0000333_01961_d_0000011,65,50-100,359,28,36,38,38,0,0,4,0,36,15,29,21,0,0
0000333_02157_d_0000012,67,50-100,456,33,41,42,42,1,0,10,0,30,8,37,33,0,0
0000333_02353_d_0000013,70,50-100,244,30,36,36,36,5,0,13,0,41,8,29,28,0,0
0000333_02549_d_0000014,91,50-100,284,30,38,38,38,6,0,18,0,64,14,27,24,0,0
0000333_02745_d_0000015,52,50-100,326,24,28,28,28,0,0,10,0,35,12,17,16,0,0
0000333_02941_d_0000016,44,<50,265,23,27,27,27,2,0,4,0,23,9,21,18,0,0
0000333_03137_d_0000017,39,<50,349,19,26,27,27,0,0,5,0,23,10,16,16,0,0
0000333_03333_d_0000018,62,50-100,553,30,42,45,45,4,0,19,0,32,14,30,28,0,0
0000333_03529_d_0000019,95,50-100,408,42,50,52,52,5,0,20,0,55,12,40,38,0,0
0000333_03725_d_0000020,83,50-100,475,46,54,59,59,8,0,30,0,49,21,34,33,0,0
0000335_00001_d_0000043,41,<50,484,34,37,37,37,25,0,53,0,16,13,19,18,6,6
0000335_00197_d_0000044,37,<50,449,26,29,32,32,23,0,50,0,21,15,12,10,4,4
0000335_00393_d_0000045,34,<50,393,27,27,27,27,18,0,36,0,12,9,17,13,5,5
0000335_00589_d_0000046,21,<50,255,19,19,19,19,14,0,30,0,7,6,12,12,2,1
0000335_00785_d_0000047,34,<50,404,20,23,23,23,16,0,23,0,24,14,8,7,2,2
0000335_00981_d_0000048,78,50-100,526,33,36,41,41,15,0,32,0,71,31,7,5,0,0
0000335_01765_d_0000052,61,50-100,489,41,47,48,48,35,0,49,0,48,35,12,11,1,1
0000335_01961_d_0000053,69,50-100,443,48,54,55,55,36,0,55,0,53,38,15,15,1,1
0000335_02353_d_0000055,82,50-100,549,47,57,64,64,35,0,64,0,63,38,18,18,1,1
0000335_02549_d_0000056,87,50-100,526,43,55,58,58,32,0,58,0,74,42,12,12,1,1
0000335_02745_d_0000057,99,50-100,523,55,65,69,69,29,0,64,0,84,52,13,11,2,2
0000335_03137_d_0000059,103,100-150,519,44,56,57,57,32,0,55,0,79,34,23,21,1,1
0000335_03333_d_0000060,40,<50,438,37,39,39,39,31,0,55,0,18,17,19,19,3,3
0000335_03725_d_0000062,27,<50,296,24,25,25,25,23,0,34,0,4,3,17,16,6,6
0000335_03921_d_0000063,44,<50,348,40,40,40,40,36,0,52,0,9,6,31,30,4,4
0000335_04117_d_0000064,28,<50,270,26,26,26,26,24,0,30,0,7,6,15,14,6,6
0000335_04313_d_0000065,38,<50,327,32,32,32,32,29,0,45,0,17,13,18,16,3,3
0000335_05097_d_0000069,20,<50,250,18,18,18,18,13,0,26,0,8,6,7,7,5,5
0000335_05685_d_0000072,15,<50,203,14,14,14,14,10,0,18,0,1,1,9,8,5,5
0000335_06469_d_0000076,8,<50,135,8,8,8,8,8,0,9,0,4,4,2,2,2,2
0000335_06665_d_0000077,21,<50,192,20,20,20,20,20,0,32,0,3,2,13,13,5,5
0000335_06861_d_0000078,24,<50,262,22,22,22,22,20,0,33,0,10,8,9,9,5,5
0000342_00393_d_0000244,133,100-150,601,53,76,87,87,28,0,57,0,112,57,18,16,3,3
0000345_07057_d_0000345,108,100-150,565,57,80,86,86,44,0,78,0,86,58,22,22,0,0
0000346_00001_d_0000346,82,50-100,668,57,74,76,77,46,0,78,0,35,28,39,38,8,8
0000346_01961_d_0000356,71,50-100,451,45,58,62,62,34,0,60,0,44,32,26,25,1,1
0000346_02549_d_0000359,59,50-100,534,45,53,54,54,40,0,69,0,23,19,30,28,6,6
0000346_03921_d_0000366,50,50-100,393,42,43,43,43,35,0,50,0,22,15,23,23,5,5
0000346_07057_d_0000382,87,50-100,651,58,68,73,73,50,0,92,0,50,35,37,33,0,0
0000348_00589_d_0000409,34,<50,377,28,30,30,30,28,0,44,0,26,22,7,7,1,1
0000348_03333_d_0000423,15,<50,314,14,14,14,14,12,0,19,0,4,3,11,11,0,0
0000356_00589_d_0000632,121,100-150,680,65,88,95,96,46,0,85,0,92,59,26,26,3,3
0000356_01177_d_0000635,88,50-100,721,56,75,79,79,38,0,74,0,58,47,25,23,5,5
0000356_01569_d_0000637,100,100-150,929,45,63,72,73,27,0,60,0,71,35,27,26,2,2
0000356_01765_d_0000638,84,50-100,717,46,62,69,70,32,0,57,0,54,33,27,26,3,3
0000356_01961_d_0000639,111,100-150,923,45,57,67,70,28,0,57,0,83,29,24,24,4,4
0000356_02157_d_0000640,54,50-100,572,38,44,45,45,28,0,51,0,29,22,23,20,2,2
0000356_02353_d_0000641,106,100-150,751,51,65,69,71,30,0,56,0,79,40,27,25,0,0
0000356_02745_d_0000643,97,50-100,837,47,65,74,76,32,0,59,0,74,45,19,16,4,4
0000356_02941_d_0000644,108,100-150,943,41,56,67,73,24,0,63,0,89,40,15,12,4,4
0000356_03333_d_0000646,80,50-100,915,46,63,69,69,25,0,95,0,55,42,25,21,0,0
0000356_03529_d_0000647,81,50-100,885,52,66,68,69,29,0,75,0,50,37,29,27,2,2
0000356_03725_d_0000648,94,50-100,725,46,61,71,73,28,0,69,0,63,31,30,29,1,1
0000356_03921_d_0000649,72,50-100,783,35,51,52,53,26,0,63,0,49,28,22,22,1,1
0000356_04117_d_0000650,93,50-100,558,39,54,63,63,23,0,45,0,70,31,20,20,3,3
0000356_04313_d_0000651,99,50-100,790,45,65,73,75,27,0,51,0,73,42,25,22,1,1
0000356_04705_d_0000653,70,50-100,651,42,52,57,58,27,0,60,0,53,37,15,13,2,2
0000356_04901_d_0000654,102,100-150,801,41,58,68,73,36,0,58,0,81,38,19,18,2,2
0000356_05097_d_0000655,114,100-150,811,51,65,82,87,34,0,67,0,92,44,21,20,1,1
0000358_03333_d_0000697,93,50-100,556,44,56,60,60,28,0,42,0,74,38,18,17,1,1
0000359_00393_d_0000701,39,<50,440,29,32,32,32,21,0,40,0,25,18,14,14,0,0
0000359_00589_d_0000702,39,<50,555,28,31,34,34,28,0,53,0,19,11,18,18,2,2
0000359_00785_d_0000703,30,<50,430,27,27,27,27,24,0,39,0,8,6,18,18,4,3
0000359_00981_d_0000704,33,<50,594,25,26,30,30,25,0,37,0,6,3,24,21,3,2
0000359_01177_d_0000705,59,50-100,546,45,53,53,53,31,0,52,0,20,15,33,33,6,5
0000359_01373_d_0000706,12,<50,235,12,12,12,12,14,0,20,0,0,0,7,7,5,5
0000359_01961_d_0000707,18,<50,258,18,18,18,18,21,0,30,0,0,0,13,13,5,5
0000359_02353_d_0000708,31,<50,491,18,20,20,20,24,0,34,0,25,15,6,5,0,0
0000359_02549_d_0000709,21,<50,245,20,21,21,21,17,0,25,0,6,6,12,12,3,3
0000359_03333_d_0000711,13,<50,233,11,12,12,12,9,0,16,0,2,1,11,11,0,0
0000359_03529_d_0000712,16,<50,314,14,16,16,16,4,0,6,0,0,0,13,13,3,3
0000360_00001_d_0000713,80,50-100,661,49,55,57,57,31,0,55,0,54,33,23,19,3,3
0000360_00197_d_0000714,79,50-100,572,44,54,58,58,34,0,57,0,50,31,27,21,2,2
0000360_00393_d_0000715,79,50-100,731,42,57,61,63,29,0,51,0,45,30,32,26,2,1
0000360_00589_d_0000716,60,50-100,671,39,43,51,51,25,0,57,0,31,21,27,20,2,2
0000360_00785_d_0000717,59,50-100,810,32,47,48,48,21,0,56,0,26,20,33,27,0,0
0000360_00981_d_0000718,65,50-100,736,39,49,49,50,29,0,59,0,33,26,31,22,1,1
0000360_02353_d_0000725,72,50-100,605,42,56,59,60,32,0,58,0,34,28,35,25,3,3
0000360_02745_d_0000727,81,50-100,734,40,51,52,54,27,0,67,0,46,29,31,18,4,4
0000360_02941_d_0000728,45,<50,525,28,35,36,36,25,0,34,0,11,7,31,25,3,3
0000360_03137_d_0000729,56,50-100,415,37,46,46,46,24,0,35,0,28,21,25,22,3,3
0000360_03333_d_0000730,56,50-100,438,43,48,51,51,35,0,64,0,36,30,16,14,4,4
0000360_03529_d_0000731,31,<50,376,25,27,27,27,16,0,39,0,17,13,13,13,1,1
0000360_03921_d_0000733,52,50-100,362,36,43,43,43,21,0,42,0,39,31,12,11,1,1
0000360_04117_d_0000734,18,<50,208,16,17,17,17,11,0,20,0,2,2,11,10,5,5
0000360_04705_d_0000737,9,<50,244,9,9,9,9,3,0,12,0,0,0,7,7,2,2
0000360_05293_d_0000740,70,50-100,403,41,50,50,50,28,0,50,0,46,29,17,15,7,6
0000360_05685_d_0000742,60,50-100,565,37,47,49,49,34,0,58,0,17,11,42,35,1,1
0000360_06273_d_0000745,17,<50,375,17,17,17,17,8,0,12,0,5,5,12,12,0,0
0000360_06665_d_0000747,48,<50,429,32,39,40,40,30,0,52,0,15,10,29,25,4,4
0000360_06861_d_0000748,25,<50,397,21,21,22,22,19,0,35,0,4,4,14,12,7,5
0000360_07057_d_0000749,15,<50,475,10,11,12,12,14,0,23,0,4,2,3,3,8,6
0000360_07253_d_0000750,28,<50,267,25,28,28,28,25,0,47,0,5,5,16,16,7,7
0000360_07645_d_0000752,16,<50,263,16,16,16,16,22,0,30,0,0,0,12,12,4,4
0000364_00589_d_0000798,62,50-100,831,35,42,44,46,16,0,51,0,50,33,10,7,2,2
0000364_01177_d_0000799,80,50-100,885,45,53,60,61,21,0,42,0,61,39,18,13,1,1
0000364_01373_d_0000780,64,50-100,837,34,39,46,47,19,0,45,0,51,29,11,9,2,1
0000364_01569_d_0000781,97,50-100,936,35,57,63,69,13,0,42,0,83,47,14,10,0,0
0000364_01765_d_0000782,81,50-100,834,34,52,59,63,9,0,30,0,60,41,20,11,1,0
