image,n_gt,bucket,cache_depth,matched@100,matched@300,matched@600,matched@1000,tail_tp,tail_tp_dupsus,ndet@conf0.25,sat@conf0.25,ndet@conf0.1,sat@conf0.1,n_gt_small,matched300_small,n_gt_medium,matched300_medium,n_gt_large,matched300_large
0000001_02999_d_0000005,127,100-150,1000,68,99,108,111,12,1,80,0,167,0,76,59,51,40,0,0
0000001_03499_d_0000006,77,50-100,1000,51,61,66,67,6,0,57,0,132,0,53,37,20,20,4,4
0000001_03999_d_0000007,48,<50,1000,38,42,42,43,1,0,56,0,140,0,26,23,21,18,1,1
0000001_04527_d_0000008,115,100-150,1000,55,90,98,103,13,0,68,0,230,0,72,53,43,37,0,0
0000001_05249_d_0000009,113,100-150,1000,80,104,107,110,6,0,106,0,158,0,27,22,85,81,1,1
0000001_05499_d_0000010,140,100-150,1000,90,118,124,127,9,2,87,0,130,0,52,32,67,65,21,21
0000001_05999_d_0000011,115,100-150,1000,75,100,103,105,5,0,78,0,191,0,66,55,42,38,7,7
0000001_07999_d_0000012,136,100-150,1000,67,99,107,109,10,0,73,0,201,0,99,66,37,33,0,0
0000001_08414_d_0000013,164,150-300,1000,78,119,138,145,26,6,99,0,243,0,107,73,54,43,3,3
0000021_00000_d_0000001,31,<50,382,19,20,20,20,0,0,11,0,19,0,23,13,8,7,0,0
0000021_00500_d_0000002,17,<50,366,15,17,17,17,0,0,13,0,26,0,15,15,2,2,0,0
0000021_00800_d_0000003,7,<50,268,6,6,6,6,0,0,5,0,24,0,7,6,0,0,0,0
0000022_00000_d_0000004,41,<50,680,34,37,37,38,1,0,34,0,60,0,35,31,6,6,0,0
0000022_00500_d_0000005,32,<50,548,30,30,31,31,1,0,28,0,39,0,22,21,10,9,0,0
0000022_01036_d_0000006,16,<50,518,16,16,16,16,0,0,12,0,30,0,4,4,12,12,0,0
0000022_01251_d_0000007,12,<50,394,11,11,12,12,1,0,11,0,27,0,0,0,12,11,0,0
0000023_00000_d_0000008,40,<50,680,35,37,37,37,0,0,34,0,60,0,35,32,5,5,0,0
0000023_00300_d_0000009,30,<50,640,26,29,30,30,1,0,21,0,42,0,25,24,5,5,0,0
0000023_00868_d_0000010,20,<50,496,19,20,20,20,0,0,10,0,29,0,6,6,13,13,1,1
0000023_01233_d_0000011,14,<50,412,11,14,14,14,0,0,11,0,20,0,0,0,14,14,0,0
0000024_00000_d_0000012,21,<50,466,18,20,20,20,0,0,12,0,27,0,9,9,12,11,0,0
0000024_00500_d_0000013,10,<50,260,8,9,9,9,0,0,9,0,12,0,1,1,9,8,0,0
0000024_01000_d_0000014,12,<50,303,7,7,7,7,0,0,4,0,8,0,12,7,0,0,0,0
0000024_01543_d_0000015,8,<50,300,8,8,8,8,0,0,6,0,11,0,1,1,7,7,0,0
0000026_00000_d_0000024,8,<50,52,8,8,8,8,0,0,9,0,10,0,0,0,2,2,6,6
0000026_00500_d_0000025,15,<50,164,15,15,15,15,0,0,18,0,23,0,1,1,4,4,10,10
0000026_01000_d_0000026,25,<50,270,25,25,25,25,0,0,25,0,32,0,3,3,3,3,19,19
0000026_01500_d_0000027,10,<50,64,10,10,10,10,0,0,12,0,15,0,0,0,1,1,9,9
0000026_02000_d_0000028,9,<50,67,9,9,9,9,0,0,11,0,14,0,0,0,2,2,7,7
0000026_02500_d_0000029,17,<50,241,17,17,17,17,0,0,15,0,19,0,9,9,4,4,4,4
0000026_03000_d_0000030,13,<50,187,13,13,13,13,0,0,12,0,13,0,0,0,5,5,8,8
0000026_03500_d_0000031,23,<50,144,22,22,22,22,0,0,23,0,29,0,1,1,6,6,16,15
0000026_04000_d_0000032,14,<50,77,14,14,14,14,0,0,15,0,16,0,0,0,2,2,12,12
0000026_04500_d_0000033,47,<50,927,37,39,39,39,0,0,38,0,54,0,24,18,22,20,1,1
0000026_04978_d_0000034,45,<50,641,39,41,42,42,1,0,37,0,52,0,16,14,28,26,1,1
0000055_00000_d_0000109,101,100-150,1000,58,74,83,85,11,1,42,0,77,0,57,37,44,37,0,0
0000055_00714_d_0000110,85,50-100,1000,56,69,73,76,7,0,42,0,74,0,48,36,37,33,0,0
0000069_00001_d_0000001,34,<50,518,33,33,33,33,0,0,28,0,40,0,7,7,24,23,3,3
0000069_00483_d_0000002,27,<50,505,27,27,27,27,0,0,30,0,35,0,6,6,19,19,2,2
0000069_00713_d_0000003,49,<50,1000,41,45,46,49,4,0,37,0,71,0,22,18,21,21,6,6
0000069_01109_d_0000004,31,<50,1000,28,29,30,30,1,0,27,0,36,0,6,6,25,23,0,0
0000069_01878_d_0000005,36,<50,561,33,35,35,35,0,0,31,0,50,0,12,11,21,21,3,3
0000069_02163_d_0000006,49,<50,1000,38,41,45,45,4,0,38,0,60,0,17,14,29,24,3,3
0000069_02480_d_0000007,64,50-100,1000,48,56,58,59,3,0,44,0,89,0,29,25,34,30,1,1
0000072_02834_d_0000003,73,50-100,1000,62,68,72,72,4,0,65,0,92,0,21,16,51,51,1,1
0000076_02142_d_0000009,11,<50,121,11,11,11,11,0,0,11,0,12,0,4,4,4,4,3,3
0000081_00000_d_0000001,86,50-100,1000,57,76,78,81,5,0,120,0,307,1,74,66,12,10,0,0
0000086_00000_d_0000001,37,<50,857,35,35,35,35,0,0,40,0,55,0,21,19,16,16,0,0
0000086_00592_d_0000002,65,50-100,1000,53,61,61,62,1,0,52,0,86,0,40,36,25,25,0,0
0000086_01084_d_0000003,146,100-150,1000,72,104,120,128,24,1,88,0,179,0,132,92,14,12,0,0
0000086_01443_d_0000004,107,100-150,1000,71,92,97,103,11,0,96,0,188,0,96,81,11,11,0,0
0000086_01954_d_0000005,173,150-300,1000,82,114,126,134,20,0,102,0,171,0,163,105,10,9,0,0
0000103_00180_d_0000026,1,<50,74,1,1,1,1,0,0,1,0,2,0,0,0,0,0,1,1
0000103_00502_d_0000027,3,<50,28,3,3,3,3,0,0,4,0,5,0,0,0,0,0,3,3
0000103_01734_d_0000028,4,<50,80,4,4,4,4,0,0,5,0,9,0,0,0,0,0,4,4
0000103_02544_d_0000029,14,<50,399,11,13,13,13,0,0,9,0,16,0,0,0,10,10,4,3
0000103_02964_d_0000030,10,<50,312,9,10,10,10,0,0,10,0,19,0,0,0,0,0,10,10
0000103_03349_d_0000031,4,<50,106,4,4,4,4,0,0,4,0,4,0,0,0,0,0,4,4
0000103_03738_d_0000032,3,<50,58,3,3,3,3,0,0,3,0,3,0,0,0,0,0,3,3
0000103_04122_d_0000033,4,<50,129,4,4,4,4,0,0,6,0,8,0,0,0,4,4,0,0
0000103_04513_d_0000034,2,<50,156,2,2,2,2,0,0,3,0,3,0,0,0,1,1,1,1
0000103_04948_d_0000035,1,<50,118,1,1,1,1,0,0,1,0,1,0,0,0,0,0,1,1
0000115_00315_d_0000080,61,50-100,1000,37,42,44,46,4,0,23,0,49,0,56,38,5,4,0,0
0000115_00796_d_0000081,78,50-100,1000,47,66,70,71,5,1,39,0,105,0,67,55,11,11,0,0
0000115_01031_d_0000082,63,50-100,1000,46,55,59,62,7,0,47,0,129,0,52,45,11,10,0,0
0000116_00351_d_0000083,74,50-100,1000,55,63,67,68,5,0,52,0,108,0,65,54,9,9,0,0
0000116_00819_d_0000084,36,<50,1000,32,34,34,34,0,0,23,0,63,0,24,22,12,12,0,0
0000116_01059_d_0000085,70,50-100,1000,45,60,64,65,5,1,40,0,100,0,59,50,11,10,0,0
0000116_01338_d_0000086,54,50-100,1000,35,44,47,48,4,0,27,0,59,0,47,37,5,5,2,2
0000117_00112_d_0000087,129,100-150,1000,78,109,122,123,14,0,73,0,144,0,112,93,13,12,4,4
0000117_01326_d_0000088,62,50-100,1000,44,54,56,59,5,0,57,0,126,0,34,30,27,23,1,1
0000117_01731_d_0000089,47,<50,1000,44,45,45,46,1,0,55,0,90,0,27,25,15,15,5,5
0000117_02708_d_0000090,100,100-150,1000,59,84,91,94,10,0,77,0,181,0,64,53,36,31,0,0
0000117_03096_d_0000091,24,<50,1000,23,24,24,24,0,0,81,0,208,0,8,8,14,14,2,2
0000129_02411_d_0000138,186,150-300,1000,98,157,166,169,12,0,138,0,215,0,73,47,113,110,0,0
0000153_00001_d_0000001,55,50-100,1000,39,50,52,52,2,0,30,0,70,0,47,43,8,7,0,0
0000153_00401_d_0000001,59,50-100,1000,43,52,52,53,1,0,43,0,95,0,47,41,11,10,1,1
0000153_00801_d_0000001,49,<50,1000,38,43,43,44,1,1,34,0,67,0,40,34,9,9,0,0
0000153_01201_d_0000001,59,50-100,1000,37,44,47,50,6,0,34,0,79,0,57,42,2,2,0,0
0000153_01601_d_0000001,63,50-100,1000,45,53,54,56,3,0,34,0,85,0,57,48,5,4,1,1
0000153_01801_d_0000001,55,50-100,1000,41,44,44,45,1,0,37,0,75,0,52,41,3,3,0,0
0000154_00001_d_0000001,51,50-100,1000,39,45,48,48,3,0,34,0,86,0,43,37,8,8,0,0
0000154_00401_d_0000001,60,50-100,1000,50,54,57,57,3,2,46,0,82,0,51,45,9,9,0,0
0000154_00801_d_0000001,72,50-100,1000,49,58,59,60,2,0,36,0,86,0,67,54,5,4,0,0
0000154_01201_d_0000001,81,50-100,1000,53,65,69,70,5,0,42,0,97,0,75,59,6,6,0,0
0000154_01601_d_0000001,101,100-150,1000,63,87,91,93,6,2,49,0,137,0,86,74,15,13,0,0
0000154_02001_d_0000001,83,50-100,1000,62,72,76,78,6,1,67,0,150,0,74,63,8,8,1,1
0000155_00001_d_0000001,97,50-100,1000,63,78,83,85,7,2,56,0,117,0,73,58,23,19,1,1
0000155_00401_d_0000001,122,100-150,1000,67,94,101,107,13,2,76,0,152,0,106,81,16,13,0,0
0000155_00801_d_0000001,106,100-150,1000,68,90,96,97,7,1,72,0,177,0,86,73,20,17,0,0
0000155_01201_d_0000001,94,50-100,1000,62,78,85,85,7,3,62,0,138,0,82,66,12,12,0,0
0000155_01601_d_0000001,73,50-100,1000,66,70,70,71,1,0,76,0,149,0,63,60,10,10,0,0
0000155_01871_d_0000001,55,50-100,1000,48,54,55,55,1,0,51,0,105,0,46,45,9,9,0,0
0000162_00001_d_0000001,34,<50,1000,31,32,33,33,1,0,36,0,60,0,26,24,7,7,1,1
0000162_00401_d_0000001,45,<50,1000,43,44,44,44,0,0,42,0,97,0,39,38,5,5,1,1
0000162_00801_d_0000001,30,<50,1000,26,28,28,28,0,0,21,0,55,0,25,23,3,3,2,2
0000162_01058_d_0000001,57,50-100,1000,36,50,52,53,3,0,30,0,67,0,48,43,9,7,0,0
0000163_00001_d_0000001,69,50-100,1000,55,63,64,64,1,1,42,0,81,0,58,55,9,7,2,1
0000163_00359_d_0000001,54,50-100,1000,39,41,44,46,5,0,28,0,55,0,49,38,5,3,0,0
0000165_04325_d_0000105,29,<50,1000,23,24,26,26,2,1,25,0,50,0,14,12,12,10,3,2
0000166_00558_d_0000118,71,50-100,1000,46,58,59,60,2,0,35,0,67,0,19,13,39,33,13,12
0000193_00000_d_0000103,63,50-100,1000,49,59,60,60,1,0,47,0,96,0,54,50,9,9,0,0
0000193_01497_d_0000111,87,50-100,1000,60,76,83,85,9,1,96,0,188,0,72,63,15,13,0,0
0000193_01705_d_0000112,134,100-150,1000,74,104,116,121,17,1,89,0,184,0,117,88,17,16,0,0
0000193_01876_d_0000113,107,100-150,1000,65,89,96,102,13,1,59,0,142,0,97,79,10,10,0,0
0000193_02029_d_0000114,93,50-100,1000,64,79,85,87,8,0,56,0,129,0,82,69,11,10,0,0
0000193_02212_d_0000115,78,50-100,1000,45,65,71,73,8,2,52,0,112,0,73,61,5,4,0,0
0000193_02416_d_0000116,50,50-100,1000,34,43,45,48,5,0,28,0,70,0,47,40,3,3,0,0
0000193_02606_d_0000117,49,<50,1000,38,42,45,46,4,1,29,0,69,0,48,41,1,1,0,0
0000193_02725_d_0000118,39,<50,1000,36,38,39,39,1,0,32,0,70,0,38,37,1,1,0,0
0000194_00000_d_0000119,54,50-100,1000,43,49,52,52,3,0,35,0,79,0,51,47,3,2,0,0
0000194_00200_d_0000120,76,50-100,1000,55,63,68,68,5,1,60,0,151,0,67,55,9,8,0,0
0000194_00399_d_0000121,143,100-150,1000,83,123,131,132,9,1,109,0,210,0,137,117,6,6,0,0
0000194_00625_d_0000122,83,50-100,1000,67,73,76,77,4,0,68,0,135,0,73,64,10,9,0,0
0000194_00800_d_0000123,54,50-100,1000,39,48,49,50,2,0,40,0,74,0,41,36,13,12,0,0
0000194_00998_d_0000124,42,<50,1000,36,37,38,38,1,0,32,0,63,0,37,32,5,5,0,0
0000194_01192_d_0000125,23,<50,1000,20,22,23,23,1,0,32,0,61,0,18,17,5,5,0,0
0000196_04512_d_0000144,69,50-100,1000,54,62,62,63,1,0,36,0,88,0,62,55,7,7,0,0
0000199_01269_d_0000166,16,<50,180,13,13,13,13,0,0,12,0,17,0,7,4,8,8,1,1
0000213_02500_d_0000240,94,50-100,1000,60,79,84,85,6,0,46,0,143,0,85,71,9,8,0,0
0000213_02965_d_0000241,94,50-100,1000,72,87,89,90,3,0,79,0,161,0,62,55,29,29,3,3
0000213_03478_d_0000242,115,100-150,1000,84,101,104,105,4,0,94,0,181,0,70,57,40,39,5,5
0000213_03920_d_0000243,164,150-300,1000,88,127,140,143,16,2,111,0,208,0,98,65,60,56,6,6
0000213_04405_d_0000244,106,100-150,1000,69,88,94,95,7,0,75,0,175,0,62,45,38,37,6,6
0000213_04998_d_0000245,137,100-150,1000,74,114,121,122,8,1,120,0,255,0,94,74,38,35,5,5
0000213_05340_d_0000246,138,100-150,1000,86,114,126,128,14,2,104,0,196,0,95,72,40,39,3,3
0000213_05745_d_0000247,101,100-150,1000,75,92,96,98,6,1,88,0,155,0,55,50,43,39,3,3
0000215_00000_d_0000256,157,150-300,1000,75,115,123,131,16,0,90,0,212,0,132,90,24,24,1,1
0000215_00447_d_0000257,53,50-100,989,49,50,50,51,1,0,58,0,83,0,17,14,35,35,1,1
0000215_00909_d_0000258,93,50-100,1000,71,85,87,91,6,2,81,0,133,0,54,48,37,35,2,2
0000215_01395_d_0000259,56,50-100,1000,55,55,55,55,0,0,60,0,95,0,23,22,27,27,6,6
0000215_01869_d_0000260,78,50-100,1000,63,72,75,77,5,0,68,0,132,0,50,45,24,23,4,4
0000215_02319_d_0000261,107,100-150,1000,62,72,79,79,7,0,55,0,132,0,73,43,32,27,2,2
0000215_02667_d_0000262,83,50-100,1000,67,79,81,81,2,0,92,0,168,0,48,44,35,35,0,0
0000215_02932_d_0000263,48,<50,974,42,45,47,48,3,0,41,0,63,0,18,15,27,27,3,3
0000215_03226_d_0000264,23,<50,593,22,22,23,23,1,0,29,0,41,0,12,12,10,9,1,1
0000216_00520_d_0000001,109,100-150,1000,73,93,97,98,5,0,86,0,139,0,78,63,31,30,0,0
0000220_01242_d_0000004,37,<50,886,30,34,36,36,2,0,29,0,51,0,25,22,10,10,2,2
0000223_01802_d_0000005,64,50-100,1000,50,53,54,55,2,0,49,0,84,0,41,30,23,23,0,0
0000237_00001_d_0000001,15,<50,738,11,13,13,13,0,0,6,0,9,0,13,11,2,2,0,0
0000242_00001_d_0000001,42,<50,1000,33,36,38,39,3,0,30,0,69,0,28,24,13,11,1,1
0000242_00500_d_0000002,53,50-100,1000,39,46,47,48,2,0,33,0,74,0,41,34,12,12,0,0
0000242_00627_d_0000003,45,<50,1000,36,41,41,41,0,0,33,0,63,0,38,34,6,6,1,1
0000242_00843_d_0000004,2,<50,48,2,2,2,2,0,0,2,0,4,0,0,0,0,0,2,2
0000242_00963_d_0000005,13,<50,596,10,11,13,13,2,0,10,0,21,0,5,3,5,5,3,3
0000242_01139_d_0000006,72,50-100,1000,51,61,61,62,1,0,39,0,115,0,65,55,7,6,0,0
0000242_01475_d_0000007,65,50-100,1000,61,63,64,65,2,0,59,0,98,0,45,43,18,18,2,2
0000242_01912_d_0000008,50,50-100,1000,36,43,43,43,0,0,26,0,53,0,49,42,1,1,0,0
0000242_02400_d_0000009,34,<50,594,33,34,34,34,0,0,38,0,60,0,29,29,5,5,0,0
0000242_02762_d_0000010,33,<50,700,33,33,33,33,0,0,33,0,42,0,24,24,9,9,0,0
0000242_03199_d_0000011,9,<50,291,9,9,9,9,0,0,4,0,9,0,6,6,3,3,0,0
0000242_03668_d_0000012,41,<50,1000,38,41,41,41,0,0,32,0,55,0,29,29,11,11,1,1
0000242_04116_d_0000013,8,<50,320,8,8,8,8,0,0,5,0,7,0,5,5,3,3,0,0
0000242_04600_d_0000014,29,<50,1000,26,29,29,29,0,0,36,0,60,0,14,14,15,15,0,0
0000242_05059_d_0000015,37,<50,1000,30,34,34,34,0,0,20,0,48,0,36,33,1,1,0,0
0000242_05570_d_0000016,32,<50,967,29,29,29,29,0,0,22,0,50,0,30,27,2,2,0,0
0000242_06010_d_0000017,41,<50,707,25,31,31,31,0,0,13,0,37,0,40,30,1,1,0,0
0000242_06452_d_0000018,12,<50,517,12,12,12,12,0,0,9,0,22,0,10,10,2,2,0,0
0000244_00001_d_0000001,46,<50,1000,39,44,44,44,0,0,35,0,59,0,39,37,7,7,0,0
0000244_00500_d_0000002,32,<50,1000,29,30,30,30,0,0,27,0,62,0,28,26,4,4,0,0
0000244_01000_d_0000003,122,100-150,1000,63,85,92,95,10,0,51,0,121,0,114,77,8,8,0,0
0000244_01500_d_0000004,96,50-100,1000,59,73,80,87,14,0,60,0,142,0,92,70,4,3,0,0
0000244_02000_d_0000005,129,100-150,1000,75,99,109,113,14,0,63,0,140,0,122,92,7,7,0,0
0000244_02500_d_0000006,113,100-150,1000,75,93,98,101,8,0,68,0,147,0,102,82,11,11,0,0
0000244_03000_d_0000007,44,<50,1000,36,40,41,41,1,0,28,0,76,0,39,35,5,5,0,0
0000244_03500_d_0000008,146,100-150,1000,63,90,102,111,21,1,55,0,150,0,129,79,17,11,0,0
0000244_04000_d_0000009,56,50-100,1000,38,47,49,52,5,0,74,0,180,0,41,34,13,11,2,2
0000244_04400_d_0000010,101,100-150,1000,62,87,91,94,7,0,65,0,138,0,78,67,22,20,1,0
0000244_04900_d_0000011,106,100-150,1000,84,101,103,104,3,0,93,0,154,0,73,68,33,33,0,0
0000244_05400_d_0000012,90,50-100,1000,67,80,84,86,6,0,69,0,148,0,78,68,12,12,0,0
0000244_05900_d_0000013,66,50-100,1000,49,54,55,57,3,0,46,0,79,0,65,53,1,1,0,0
0000244_06388_d_0000014,46,<50,1000,35,37,39,40,3,0,39,0,84,0,46,37,0,0,0,0
0000249_00001_d_0000001,80,50-100,1000,56,65,69,69,4,0,44,0,90,0,72,57,8,8,0,0
0000249_00235_d_0000002,85,50-100,1000,59,69,70,71,2,0,58,0,97,0,71,55,14,14,0,0
0000249_00603_d_0000003,48,<50,968,39,42,43,44,2,0,28,0,46,0,45,39,3,3,0,0
0000249_01100_d_0000004,27,<50,1000,25,27,27,27,0,0,26,0,51,0,23,23,4,4,0,0
0000249_01514_d_0000005,51,50-100,1000,45,47,49,49,2,0,41,0,70,0,36,32,15,15,0,0
0000249_01635_d_0000006,80,50-100,1000,48,55,60,62,7,0,42,0,86,0,71,46,9,9,0,0
0000249_02073_d_0000007,67,50-100,1000,48,55,57,57,2,0,50,0,81,0,61,49,6,6,0,0
0000249_02468_d_0000008,18,<50,1000,11,16,18,18,2,0,19,0,43,0,11,9,7,7,0,0
0000249_02900_d_0000009,101,100-150,1000,68,86,90,93,7,0,71,0,131,0,89,74,12,12,0,0
0000249_03400_d_0000010,92,50-100,1000,69,85,88,89,4,1,83,0,175,0,79,72,13,13,0,0
0000249_03900_d_0000011,85,50-100,1000,56,64,71,73,9,0,45,0,90,0,73,53,12,11,0,0
0000253_00001_d_0000001,106,100-150,1000,88,100,103,104,4,0,98,0,148,0,106,100,0,0,0,0
0000256_00715_d_0000019,90,50-100,1000,67,75,78,79,4,0,73,0,123,0,76,62,11,10,3,3
0000256_02173_d_0000030,47,<50,1000,32,40,43,44,4,0,27,0,59,0,28,23,16,14,3,3
0000263_02401_d_0000179,17,<50,190,17,17,17,17,0,0,15,0,23,0,6,6,6,6,5,5
0000269_00001_d_0000348,128,100-150,1000,71,85,87,93,8,2,80,0,134,0,106,64,21,20,1,1
0000269_00201_d_0000349,47,<50,1000,45,46,46,47,1,0,80,0,121,0,27,26,20,20,0,0
0000269_00601_d_0000351,93,50-100,1000,72,86,88,89,3,1,81,0,137,0,72,66,21,20,0,0
0000271_00001_d_0000374,58,50-100,1000,50,54,54,55,1,0,46,0,81,0,39,35,17,17,2,2
0000271_00201_d_0000375,75,50-100,1000,63,71,73,73,2,1,73,0,129,0,48,45,27,26,0,0
0000271_00401_d_0000376,25,<50,788,21,24,24,25,1,0,17,0,33,0,16,16,8,7,1,1
0000271_00601_d_0000377,79,50-100,1000,57,68,73,73,5,0,74,0,137,0,61,51,15,14,3,3
0000271_00801_d_0000378,63,50-100,1000,47,53,54,54,1,0,73,0,147,0,48,38,15,15,0,0
0000271_01201_d_0000379,59,50-100,1000,46,52,53,53,1,0,57,0,108,0,36,32,21,18,2,2
0000271_01401_d_0000380,55,50-100,1000,51,53,53,53,0,0,48,0,92,0,36,34,17,17,2,2
0000271_01601_d_0000381,48,<50,1000,42,46,46,46,0,0,39,0,65,0,34,32,13,13,1,1
0000271_02401_d_0000385,84,50-100,1000,56,64,72,73,9,0,45,0,98,0,58,40,25,24,1,0
0000271_02601_d_0000386,79,50-100,1000,58,67,73,76,9,1,54,0,105,0,51,41,23,21,5,5
0000271_03001_d_0000387,56,50-100,1000,46,53,54,55,2,0,56,0,98,0,44,41,10,10,2,2
0000271_03801_d_0000391,57,50-100,1000,51,52,54,55,3,0,52,0,91,0,41,36,16,16,0,0
0000271_04401_d_0000394,86,50-100,1000,62,75,78,81,6,0,57,0,116,0,60,53,24,20,2,2
0000271_04801_d_0000396,50,50-100,1000,43,46,48,49,3,0,42,0,76,0,33,30,17,16,0,0
0000271_05001_d_0000397,90,50-100,1000,62,73,78,82,9,1,54,0,112,0,78,63,11,9,1,1
0000271_05201_d_0000398,70,50-100,1000,58,65,67,67,2,0,67,0,118,0,44,41,24,22,2,2
0000271_05401_d_0000399,71,50-100,1000,56,61,64,66,5,0,63,0,117,0,50,42,17,15,4,4
0000271_05601_d_0000400,86,50-100,1000,68,80,81,83,3,0,70,0,124,0,67,62,17,16,2,2
0000271_05801_d_0000401,104,100-150,1000,83,94,97,98,4,0,97,0,146,0,64,58,36,32,4,4
0000271_06001_d_0000402,158,150-300,1000,91,139,144,149,10,0,122,0,200,0,106,88,46,45,6,6
0000271_06201_d_0000403,142,100-150,1000,88,128,130,134,6,1,128,0,209,0,87,75,53,51,2,2
0000271_06401_d_0000404,128,100-150,1000,88,106,112,118,12,0,109,0,165,0,74,60,51,43,3,3
0000271_06601_d_0000405,105,100-150,1000,91,103,105,105,2,0,112,0,154,0,42,41,59,58,4,4
0000271_06801_d_0000406,95,50-100,1000,76,90,92,93,3,0,94,0,127,0,45,41,46,45,4,4
0000271_07001_d_0000407,58,50-100,1000,46,54,57,57,3,0,45,0,96,0,42,38,11,11,5,5
0000271_07201_d_0000408,25,<50,918,22,24,24,24,0,0,20,0,49,0,22,21,2,2,1,1
0000271_07401_d_0000409,42,<50,988,36,38,39,41,3,0,32,0,47,0,17,14,22,21,3,3
0000273_05601_d_0000466,32,<50,1000,26,28,30,31,3,0,27,0,49,0,7,5,23,21,2,2
0000276_00001_d_0000507,55,50-100,862,45,49,49,51,2,0,43,0,66,0,43,37,11,11,1,1
0000276_00401_d_0000509,62,50-100,1000,41,46,46,47,1,0,35,0,59,0,50,34,12,12,0,0
0000276_00601_d_0000510,37,<50,895,25,30,31,31,1,0,25,0,42,0,28,21,8,8,1,1
0000276_01001_d_0000512,42,<50,1000,35,39,39,39,0,0,26,0,53,0,30,28,12,11,0,0
0000276_01201_d_0000513,29,<50,806,25,25,26,27,2,0,21,0,24,0,20,17,9,8,0,0
0000276_01401_d_0000514,25,<50,706,21,22,22,22,0,0,12,0,17,0,18,15,5,5,2,2
0000276_01801_d_0000516,21,<50,1000,15,16,18,18,2,0,13,0,31,0,19,14,1,1,1,1
0000276_02001_d_0000517,15,<50,884,13,13,13,14,1,0,16,0,24,0,15,13,0,0,0,0
0000276_02201_d_0000518,41,<50,1000,29,33,33,35,2,1,24,0,51,0,29,23,11,9,1,1
0000276_02401_d_0000519,48,<50,1000,29,33,34,35,2,0,22,0,55,0,40,28,7,4,1,1
0000276_02601_d_0000520,32,<50,1000,30,30,30,30,0,0,23,0,54,0,26,25,6,5,0,0
0000276_02801_d_0000521,37,<50,1000,30,32,33,33,1,0,28,0,61,0,32,28,3,2,2,2
0000276_03001_d_0000522,38,<50,1000,30,34,36,37,3,0,28,0,55,0,30,26,8,8,0,0
0000276_03201_d_0000523,60,50-100,1000,31,36,37,37,1,0,24,0,57,0,54,30,6,6,0,0
0000276_03401_d_0000524,61,50-100,1000,37,39,41,45,6,0,36,0,70,0,54,33,6,6,1,0
0000276_03601_d_0000525,46,<50,1000,38,40,41,42,2,0,47,0,90,0,35,30,11,10,0,0
0000276_03801_d_0000526,64,50-100,1000,41,51,56,58,7,1,35,0,69,0,42,30,21,20,1,1
0000276_04001_d_0000527,54,50-100,1000,36,42,46,49,7,0,33,0,76,0,40,31,13,11,1,0
0000276_04201_d_0000528,59,50-100,818,57,58,58,58,0,0,64,0,89,0,26,25,28,28,5,5
0000276_04401_d_0000529,40,<50,532,40,40,40,40,0,0,46,0,54,0,5,5,29,29,6,6
0000276_04601_d_0000530,10,<50,237,9,9,9,9,0,0,6,0,17,0,8,7,1,1,1,1
0000276_04801_d_0000531,10,<50,134,10,10,10,10,0,0,9,0,15,0,6,6,3,3,1,1
0000276_05001_d_0000532,7,<50,333,7,7,7,7,0,0,7,0,14,0,5,5,2,2,0,0
0000276_05201_d_0000533,6,<50,69,6,6,6,6,0,0,7,0,9,0,3,3,2,2,1,1
0000276_05601_d_0000535,10,<50,252,5,5,5,5,0,0,6,0,9,0,10,5,0,0,0,0
0000276_05801_d_0000536,7,<50,256,6,6,6,6,0,0,1,0,9,0,7,6,0,0,0,0
0000276_06001_d_0000537,14,<50,158,9,9,9,9,0,0,8,0,12,0,12,7,2,2,0,0
0000277_00001_d_0000539,85,50-100,1000,54,63,70,73,10,0,73,0,251,0,65,44,19,18,1,1
0000277_00201_d_0000540,83,50-100,1000,62,76,78,81,5,0,72,0,147,0,51,45,30,29,2,2
0000277_00401_d_0000541,117,100-150,1000,65,83,89,90,7,1,56,0,131,0,93,64,24,19,0,0
0000277_01401_d_0000546,78,50-100,1000,59,67,70,73,6,0,56,0,137,0,42,33,34,32,2,2
0000277_01601_d_0000547,78,50-100,1000,55,66,69,70,4,0,56,0,110,0,45,34,32,31,1,1
0000277_01801_d_0000548,101,100-150,1000,66,79,84,87,8,0,71,0,120,0,62,43,37,34,2,2
0000277_02001_d_0000549,83,50-100,1000,65,73,75,79,6,0,68,0,115,0,36,28,40,38,7,7
0000277_02201_d_0000550,68,50-100,1000,58,62,65,65,3,0,69,0,114,0,33,27,32,32,3,3
0000277_02401_d_0000551,90,50-100,1000,66,74,77,78,4,0,75,0,153,0,62,46,25,25,3,3
0000277_02601_d_0000552,121,100-150,1000,63,86,98,100,14,0,70,0,158,0,94,59,26,26,1,1
0000277_03201_d_0000554,85,50-100,1000,58,69,71,74,5,1,60,0,112,0,60,44,25,25,0,0
0000277_03401_d_0000555,103,100-150,1000,68,91,93,94,3,0,69,0,131,0,72,61,31,30,0,0
0000277_03601_d_0000556,59,50-100,1000,50,55,56,57,2,1,65,0,118,0,25,23,32,30,2,2
0000277_04001_d_0000558,74,50-100,1000,60,68,69,71,3,0,66,0,116,0,52,46,16,16,6,6
0000277_04201_d_0000559,67,50-100,1000,54,64,65,65,1,1,59,0,87,0,39,36,24,24,4,4
0000277_04401_d_0000560,70,50-100,1000,58,65,67,67,2,0,58,0,105,0,34,29,34,34,2,2
0000277_04601_d_0000561,95,50-100,1000,70,83,86,86,3,0,72,0,141,0,63,51,30,30,2,2
0000277_05001_d_0000562,97,50-100,1000,72,87,92,92,5,0,80,0,161,0,61,51,35,35,1,1
0000280_00001_d_0000612,87,50-100,1000,66,76,81,82,6,2,78,0,125,0,65,55,20,19,2,2
0000280_00201_d_0000613,47,<50,1000,42,44,46,46,2,0,43,0,85,0,21,19,24,23,2,2
0000280_00401_d_0000614,59,50-100,1000,46,52,54,56,4,0,44,0,85,0,35,29,22,21,2,2
0000280_00601_d_0000615,74,50-100,1000,47,53,59,64,11,1,39,0,101,0,57,38,15,13,2,2
0000280_00801_d_0000616,70,50-100,1000,56,60,62,63,3,0,59,0,125,0,46,39,23,20,1,1
0000280_01001_d_0000617,125,100-150,1000,72,89,96,98,9,1,67,0,140,0,102,67,21,20,2,2
0000280_01201_d_0000618,134,100-150,1000,69,91,97,104,13,0,77,0,140,0,97,57,34,31,3,3
0000280_01401_d_0000619,110,100-150,1000,76,97,100,102,5,1,96,0,179,0,73,63,33,30,4,4
0000280_01601_d_0000620,103,100-150,1000,76,92,98,98,6,0,84,0,165,0,70,63,30,26,3,3
0000280_01801_d_0000621,90,50-100,1000,61,71,74,77,6,0,61,0,117,0,72,53,16,16,2,2
0000280_02001_d_0000622,66,50-100,1000,58,62,63,63,1,0,56,0,97,0,44,40,21,21,1,1
0000280_02201_d_0000623,80,50-100,1000,59,66,70,71,5,0,58,0,105,0,57,44,20,19,3,3
0000280_02401_d_0000624,92,50-100,1000,57,65,70,70,5,1,57,0,96,0,67,42,23,21,2,2
0000280_02601_d_0000625,73,50-100,1000,58,67,70,70,3,0,58,0,108,0,48,42,23,23,2,2
0000280_02801_d_0000626,55,50-100,1000,48,52,53,54,2,0,58,0,127,0,31,29,20,19,4,4
0000280_03001_d_0000627,88,50-100,1000,60,77,79,82,5,0,56,0,119,0,60,51,25,23,3,3
0000280_03201_d_0000628,82,50-100,1000,63,71,72,74,3,0,65,0,128,0,52,41,28,28,2,2
0000280_03401_d_0000629,83,50-100,1000,57,66,70,71,5,1,56,0,93,0,56,41,26,24,1,1
0000283_00401_d_0000676,6,<50,223,6,6,6,6,0,0,7,0,17,0,1,1,4,4,1,1
0000283_00601_d_0000677,9,<50,188,8,8,8,8,0,0,6,0,12,0,7,6,2,2,0,0
0000283_00801_d_0000678,8,<50,209,6,6,6,6,0,0,5,0,8,0,7,5,1,1,0,0
0000283_01001_d_0000679,4,<50,95,4,4,4,4,0,0,4,0,6,0,0,0,3,3,1,1
0000287_00001_d_0000759,52,50-100,1000,46,50,50,50,0,0,62,0,121,0,37,36,13,12,2,2
0000287_00201_d_0000760,51,50-100,1000,43,48,50,50,2,0,42,0,101,0,27,25,22,21,2,2
0000287_00401_d_0000761,44,<50,1000,39,41,41,41,0,0,55,0,101,0,22,19,18,18,4,4
0000287_00601_d_0000762,93,50-100,1000,61,67,70,70,3,1,49,0,115,0,72,47,17,16,4,4
0000287_00801_d_0000763,58,50-100,1000,51,53,55,57,4,0,56,0,94,0,34,30,19,18,5,5
0000287_01001_d_0000764,71,50-100,1000,51,63,68,68,5,0,54,0,89,0,49,41,19,19,3,3
0000287_01201_d_0000765,68,50-100,1000,53,63,64,65,2,0,58,0,96,0,45,40,20,20,3,3
0000287_01401_d_0000766,68,50-100,1000,53,63,65,65,2,0,47,0,87,0,46,41,21,21,1,1
0000287_01601_d_0000767,74,50-100,1000,47,58,61,62,4,0,41,0,76,0,58,43,16,15,0,0
0000287_01801_d_0000768,56,50-100,1000,47,51,55,55,4,0,43,0,91,0,39,34,17,17,0,0
0000287_02001_d_0000769,44,<50,1000,40,41,41,41,0,0,35,0,67,0,28,25,14,14,2,2
0000287_02201_d_0000770,27,<50,923,21,24,25,25,1,0,16,0,25,0,15,12,11,11,1,1
0000287_02401_d_0000771,18,<50,291,18,18,18,18,0,0,15,0,21,0,6,6,9,9,3,3
0000287_02601_d_0000772,44,<50,737,35,40,42,42,2,0,24,0,41,0,24,23,20,17,0,0
0000287_02801_d_0000773,60,50-100,1000,56,57,57,58,1,0,51,0,86,0,32,30,27,26,1,1
0000287_03001_d_0000774,18,<50,371,16,16,16,16,0,0,25,0,31,0,4,2,13,13,1,1
0000287_03401_d_0000776,56,50-100,1000,51,54,54,54,0,0,54,0,82,0,12,11,43,43,1,0
0000287_04601_d_0000780,88,50-100,1000,68,80,81,81,1,0,61,0,97,0,51,43,37,37,0,0
0000287_04801_d_0000781,53,50-100,977,43,48,50,51,3,0,42,0,67,0,25,20,27,27,1,1
0000287_05001_d_0000782,62,50-100,799,41,48,52,54,6,1,39,0,58,0,36,23,25,25,1,0
0000289_00001_d_0000811,41,<50,961,36,40,40,40,0,0,33,0,55,0,22,21,18,18,1,1
0000289_00201_d_0000812,43,<50,1000,35,40,40,40,0,0,37,0,69,0,20,18,21,20,2,2
0000289_00401_d_0000813,53,50-100,1000,44,48,50,50,2,0,51,0,82,0,20,17,26,25,7,6
0000289_00601_d_0000814,43,<50,1000,35,37,38,40,3,0,36,0,55,0,12,7,29,28,2,2
0000289_00801_d_0000815,39,<50,1000,32,35,37,39,4,0,32,0,52,0,11,10,26,23,2,2
0000289_01001_d_0000816,33,<50,1000,29,31,31,32,1,0,35,0,54,0,7,7,24,22,2,2
0000289_01201_d_0000817,43,<50,1000,35,39,39,40,1,0,36,0,63,0,18,15,24,23,1,1
0000289_01401_d_0000818,39,<50,1000,36,38,38,38,0,0,41,0,66,0,9,9,25,24,5,5
0000289_01601_d_0000819,44,<50,922,36,39,40,40,1,0,42,0,63,0,20,16,21,20,3,3
0000289_02001_d_0000821,43,<50,913,40,41,43,43,2,0,40,0,59,0,17,15,24,24,2,2
0000289_02201_d_0000822,29,<50,435,25,28,28,28,0,0,25,0,33,0,7,7,13,12,9,9
0000289_02401_d_0000823,49,<50,1000,44,49,49,49,0,0,54,0,91,0,32,32,16,16,1,1
0000289_02601_d_0000824,58,50-100,1000,53,57,58,58,1,1,54,0,92,0,34,33,24,24,0,0
0000289_03001_d_0000826,61,50-100,1000,50,59,59,60,1,0,52,0,94,0,32,31,28,27,1,1
0000289_03201_d_0000827,80,50-100,1000,63,74,77,79,5,2,54,0,109,0,43,38,34,33,3,3
0000289_03401_d_0000828,54,50-100,1000,45,53,53,53,0,0,49,0,107,0,31,30,19,19,4,4
0000289_03601_d_0000829,77,50-100,1000,46,54,62,64,10,0,48,0,92,0,52,32,23,20,2,2
0000289_03801_d_0000830,100,100-150,1000,56,74,82,84,10,1,44,0,127,0,74,52,23,19,3,3
0000289_04001_d_0000831,80,50-100,1000,58,69,74,76,7,1,60,0,148,0,61,50,17,17,2,2
0000289_04201_d_0000832,88,50-100,1000,58,73,77,79,6,0,75,0,159,0,72,57,15,15,1,1
0000289_04401_d_0000833,100,100-150,1000,72,90,92,95,5,0,95,0,182,0,66,59,30,27,4,4
0000289_04601_d_0000834,93,50-100,1000,72,86,91,91,5,1,81,0,142,0,38,32,54,53,1,1
0000289_04801_d_0000835,71,50-100,1000,53,61,64,66,5,0,54,0,102,0,40,32,30,28,1,1
0000289_05001_d_0000836,65,50-100,1000,49,59,62,62,3,0,53,0,94,0,27,23,35,33,3,3
0000289_05201_d_0000837,79,50-100,1000,61,69,73,74,5,0,61,0,104,0,41,31,35,35,3,3
0000289_05401_d_0000838,81,50-100,1000,60,72,77,78,6,1,78,0,135,0,32,25,44,42,5,5
0000289_05601_d_0000839,107,100-150,1000,73,91,97,100,9,0,79,0,156,0,72,58,32,30,3,3
0000289_05801_d_0000840,78,50-100,1000,59,66,71,72,6,0,67,0,156,0,49,38,26,25,3,3
0000289_06001_d_0000841,80,50-100,1000,64,73,76,76,3,0,80,0,121,0,45,39,33,32,2,2
0000289_06201_d_0000842,79,50-100,1000,65,72,75,76,4,1,65,0,118,0,39,33,38,37,2,2
0000289_06401_d_0000843,79,50-100,1000,58,65,69,72,7,0,65,0,125,0,51,38,24,23,4,4
0000289_06601_d_0000844,88,50-100,1000,67,80,82,82,2,0,67,0,121,0,51,45,34,32,3,3
0000289_06801_d_0000845,98,50-100,1000,68,81,85,91,10,2,64,0,142,0,78,61,20,20,0,0
0000289_07001_d_0000846,74,50-100,785,46,58,61,63,5,0,40,0,59,0,45,30,29,28,0,0
0000289_07201_d_0000847,40,<50,1000,35,38,38,38,0,0,37,0,56,0,18,16,22,22,0,0
0000290_04001_d_0000867,79,50-100,1000,71,73,75,75,2,0,71,0,115,0,47,42,32,31,0,0
0000291_00001_d_0000868,178,150-300,1000,64,106,117,129,23,4,72,0,184,0,155,85,23,21,0,0
0000291_00201_d_0000869,113,100-150,1000,64,90,93,93,3,0,71,0,176,0,89,67,24,23,0,0
0000291_00401_d_0000870,166,150-300,1000,77,118,130,136,18,0,84,0,212,0,139,93,27,25,0,0
0000291_00601_d_0000871,120,100-150,1000,71,95,104,107,12,1,90,0,186,0,63,44,53,47,4,4
0000291_01001_d_0000873,159,150-300,1000,76,114,129,132,18,1,96,0,208,0,122,79,36,34,1,1
0000291_01201_d_0000874,212,150-300,1000,83,142,170,181,39,6,140,0,277,0,135,78,76,63,1,1
0000291_01401_d_0000875,154,150-300,1000,76,111,128,137,26,0,102,0,192,0,114,76,39,34,1,1
0000291_01601_d_0000876,87,50-100,1000,58,76,81,82,6,0,59,0,141,0,37,31,43,39,7,6
0000291_01801_d_0000877,113,100-150,1000,77,102,108,111,9,0,114,0,216,0,50,41,56,54,7,7
0000291_02001_d_0000878,172,150-300,1000,86,123,141,151,28,2,110,0,246,0,87,52,81,67,4,4
0000291_02201_d_0000879,149,100-150,1000,82,118,129,137,19,0,112,0,203,0,77,53,70,63,2,2
0000291_02601_d_0000881,178,150-300,1000,87,135,155,165,30,3,132,0,273,0,109,78,68,56,1,1
0000291_03201_d_0000884,229,150-300,1000,84,149,182,198,49,2,142,0,324,1,170,97,58,51,1,1
0000291_03401_d_0000885,187,150-300,1000,80,135,157,165,30,2,110,0,198,0,109,69,71,59,7,7
0000291_03601_d_0000886,112,100-150,1000,54,81,90,99,18,0,112,0,232,0,49,32,58,45,5,4
0000291_03801_d_0000887,191,150-300,1000,73,114,147,162,48,2,89,0,195,0,124,63,66,50,1,1
0000291_04001_d_0000888,108,100-150,1000,76,93,101,104,11,1,105,0,211,0,44,33,61,57,3,3
0000291_04201_d_0000889,111,100-150,1000,75,99,104,107,8,0,98,0,185,0,47,40,60,55,4,4
0000291_04401_d_0000890,126,100-150,1000,80,111,116,119,8,0,96,0,202,0,53,41,70,67,3,3
0000291_05001_d_0000892,135,100-150,1000,82,112,123,126,14,0,97,0,207,0,72,53,61,57,2,2
0000291_05201_d_0000893,207,150-300,1000,95,158,184,194,36,1,150,0,366,1,143,101,62,55,2,2
0000293_03601_d_0000940,117,100-150,1000,71,97,100,103,6,0,79,0,162,0,94,74,23,23,0,0
0000295_00000_d_0000021,130,100-150,1000,70,82,93,98,16,0,72,0,123,0,116,69,13,12,1,1
0000295_00200_d_0000022,78,50-100,1000,62,68,69,71,3,0,89,0,165,0,53,43,23,23,2,2
0000295_00600_d_0000024,186,150-300,1000,86,122,138,145,23,1,99,0,224,0,166,102,18,18,2,2
0000295_00800_d_0000025,147,100-150,1000,76,101,115,121,20,0,106,0,231,0,121,76,23,22,3,3
0000295_01000_d_0000026,251,150-300,1000,77,120,150,164,44,3,89,0,200,0,226,97,23,22,2,1
0000295_01200_d_0000027,200,150-300,1000,81,119,147,162,43,0,118,0,296,0,182,101,18,18,0,0
0000295_01400_d_0000028,189,150-300,1000,88,149,166,168,19,1,151,0,284,0,172,132,17,17,0,0
0000295_01600_d_0000029,138,100-150,1000,84,121,126,131,10,1,154,0,350,1,105,89,32,31,1,1
0000295_01800_d_0000030,306,>=300,1000,88,162,196,215,53,1,161,0,390,1,269,126,37,36,0,0
0000295_02000_d_0000031,311,>=300,1000,97,192,229,246,54,2,179,0,421,1,261,147,50,45,0,0
0000295_02200_d_0000032,193,150-300,1000,79,136,165,173,37,6,218,0,567,1,134,85,58,50,1,1
0000295_02400_d_0000033,317,>=300,1000,90,188,241,264,76,4,214,0,514,1,280,160,35,26,2,2
0000295_02900_d_0000034,212,150-300,1000,95,158,182,191,33,0,165,0,289,0,172,120,36,34,4,4
0000296_00601_d_0000038,91,50-100,1000,64,75,81,84,9,0,57,0,120,0,56,40,27,27,8,8
0000296_01001_d_0000040,181,150-300,1000,86,129,142,146,17,1,122,0,247,0,128,78,46,44,7,7
0000300_03201_d_0000154,66,50-100,1000,55,62,63,63,1,0,50,0,104,0,40,36,25,25,1,1
0000301_00001_d_0000156,96,50-100,1000,61,74,79,84,10,0,66,0,129,0,65,45,26,24,5,5
0000301_00201_d_0000157,90,50-100,1000,53,68,76,79,11,0,53,0,90,0,52,33,33,30,5,5
0000301_01001_d_0000161,64,50-100,1000,45,52,55,56,4,0,30,0,74,0,48,36,14,14,2,2
0000301_01201_d_0000162,61,50-100,1000,48,53,55,56,3,0,46,0,99,0,40,33,18,17,3,3
0000303_03401_d_0000200,82,50-100,1000,58,69,71,74,5,0,59,0,111,0,64,51,18,18,0,0
0000308_04401_d_0000327,98,50-100,1000,70,91,93,94,3,0,74,0,137,0,68,62,27,26,3,3
0000312_00001_d_0000414,112,100-150,1000,84,102,105,106,4,0,82,0,142,0,59,50,51,50,2,2
0000312_00201_d_0000415,108,100-150,1000,87,100,105,105,5,1,100,0,160,0,56,48,44,44,8,8
0000312_00601_d_0000417,59,50-100,924,52,55,58,58,3,0,45,0,67,0,30,26,24,24,5,5
0000312_01001_d_0000419,80,50-100,1000,65,74,78,79,5,1,65,0,92,0,42,37,28,27,10,10
0000312_01201_d_0000420,82,50-100,1000,69,78,79,80,2,1,73,0,107,0,44,41,30,29,8,8
0000312_02201_d_0000425,78,50-100,1000,64,71,72,72,1,0,72,0,116,0,41,35,36,35,1,1
0000312_02401_d_0000426,80,50-100,1000,64,72,75,76,4,0,58,0,85,0,42,36,33,31,5,5
0000312_04201_d_0000435,80,50-100,1000,68,74,77,77,3,0,68,0,101,0,50,44,29,29,1,1
0000313_06401_d_0000468,91,50-100,1000,59,73,80,81,8,0,54,0,136,0,85,67,6,6,0,0
0000313_06601_d_0000469,165,150-300,1000,76,109,116,123,14,1,68,0,170,0,156,101,9,8,0,0
0000313_07001_d_0000471,5,<50,487,5,5,5,5,0,0,5,0,10,0,4,4,1,1,0,0
0000315_01601_d_0000509,98,50-100,1000,57,77,81,85,8,0,60,0,178,0,82,62,16,15,0,0
0000316_00001_d_0000519,69,50-100,1000,42,52,55,57,5,0,24,0,54,0,61,46,8,6,0,0
0000316_00201_d_0000520,54,50-100,1000,35,41,42,44,3,0,29,0,49,0,37,29,17,12,0,0
0000316_00401_d_0000521,23,<50,271,14,14,14,14,0,0,8,0,14,0,11,3,11,10,1,1
0000316_00601_d_0000522,35,<50,1000,32,35,35,35,0,0,21,0,45,0,29,29,6,6,0,0
0000316_00801_d_0000523,27,<50,1000,23,25,26,27,2,0,24,0,56,0,22,20,5,5,0,0
0000316_01001_d_0000524,18,<50,302,13,14,14,14,0,0,6,0,11,0,14,12,4,2,0,0
0000316_01201_d_0000525,43,<50,1000,38,39,40,41,2,0,41,0,66,0,25,24,18,15,0,0
0000316_01401_d_0000526,34,<50,1000,34,34,34,34,0,0,31,0,44,0,19,19,14,14,1,1
0000316_01601_d_0000527,29,<50,847,28,29,29,29,0,0,19,0,35,0,17,17,11,11,1,1
0000316_01801_d_0000528,11,<50,191,11,11,11,11,0,0,12,0,13,0,1,1,8,8,2,2
0000316_02001_d_0000529,9,<50,560,8,8,8,8,0,0,6,0,13,0,4,4,4,4,1,0
0000316_02201_d_0000530,7,<50,139,7,7,7,7,0,0,6,0,13,0,2,2,4,4,1,1
0000323_02601_d_0000645,91,50-100,1000,69,87,89,90,3,0,59,0,122,0,71,67,17,17,3,3
0000327_00001_d_0000711,70,50-100,1000,57,61,63,64,3,0,60,0,103,0,46,37,23,23,1,1
0000327_00201_d_0000712,60,50-100,1000,56,58,59,59,1,0,60,0,113,0,38,36,19,19,3,3
0000327_00401_d_0000713,64,50-100,1000,50,57,58,61,4,0,45,0,84,0,40,33,24,24,0,0
0000327_00601_d_0000714,84,50-100,1000,66,78,80,80,2,1,59,0,127,0,58,52,25,25,1,1
0000327_00801_d_0000715,84,50-100,1000,76,82,82,84,2,0,80,0,134,0,57,55,24,24,3,3
0000327_01001_d_0000716,83,50-100,1000,70,78,80,80,2,1,72,0,112,0,51,46,32,32,0,0
0000327_01201_d_0000717,69,50-100,1000,61,66,66,67,1,0,63,0,96,0,34,31,31,31,4,4
0000327_01401_d_0000718,93,50-100,1000,67,79,86,88,9,1,59,0,105,0,71,57,18,18,4,4
0000327_01801_d_0000720,62,50-100,1000,53,55,56,56,1,0,49,0,102,0,45,38,17,17,0,0
0000327_02601_d_0000724,57,50-100,1000,50,55,56,56,1,0,50,0,89,0,43,41,14,14,0,0
0000327_02801_d_0000725,73,50-100,1000,66,70,70,72,2,1,61,0,103,0,48,45,24,24,1,1
0000327_03001_d_0000726,75,50-100,1000,56,68,70,71,3,1,56,0,88,0,56,49,19,19,0,0
0000327_03201_d_0000727,110,100-150,1000,52,64,73,78,14,0,38,0,88,0,88,50,21,13,1,1
0000327_03401_d_0000728,75,50-100,1000,51,59,62,63,4,1,55,0,88,0,56,41,18,17,1,1
0000327_03601_d_0000729,60,50-100,1000,51,57,60,60,3,0,55,0,115,0,47,45,12,11,1,1
0000327_03801_d_0000730,103,100-150,1000,66,89,91,94,5,0,74,0,159,0,85,72,16,15,2,2
0000327_04001_d_0000731,136,100-150,1000,67,98,113,119,21,2,66,0,146,0,117,79,18,18,1,1
0000327_04201_d_0000732,110,100-150,1000,74,95,98,103,8,1,75,0,162,0,86,73,23,21,1,1
0000330_00001_d_0000800,80,50-100,1000,60,67,70,72,5,0,63,0,120,0,55,44,25,23,0,0
0000330_00201_d_0000801,130,100-150,1000,79,93,96,101,8,0,72,0,139,0,101,66,27,25,2,2
0000330_00401_d_0000802,112,100-150,1000,70,88,98,101,13,0,64,0,135,0,88,67,22,19,2,2
0000330_00601_d_0000803,94,50-100,1000,67,82,84,84,2,0,64,0,125,0,72,60,19,19,3,3
0000330_00801_d_0000804,93,50-100,1000,72,86,88,88,2,0,78,0,142,0,58,52,33,32,2,2
0000330_01001_d_0000805,93,50-100,1000,60,76,81,85,9,0,63,0,105,0,68,52,23,22,2,2
0000330_01201_d_0000806,110,100-150,1000,72,88,93,94,6,0,66,0,141,0,80,59,27,26,3,3
0000330_01401_d_0000807,161,150-300,1000,95,130,144,148,18,1,110,0,222,0,111,80,47,47,3,3
0000330_01601_d_0000808,99,50-100,1000,74,86,88,88,2,0,76,0,130,0,76,63,23,23,0,0
0000330_01801_d_0000809,64,50-100,1000,55,59,60,60,1,0,55,0,84,0,38,33,26,26,0,0
0000330_02001_d_0000810,57,50-100,875,51,54,54,54,0,0,46,0,71,0,35,32,21,21,1,1
0000330_02201_d_0000811,44,<50,639,41,44,44,44,0,0,45,0,72,0,26,26,15,15,3,3
0000330_02801_d_0000814,45,<50,864,41,44,44,45,1,0,49,0,87,0,28,27,15,15,2,2
0000330_03001_d_0000815,45,<50,729,40,42,42,42,0,0,44,0,68,0,28,25,14,14,3,3
0000330_03201_d_0000816,69,50-100,1000,61,66,68,68,2,0,68,0,108,0,29,27,36,35,4,4
0000330_04001_d_0000820,38,<50,589,36,37,37,37,0,0,38,0,62,0,10,10,23,22,5,5
0000330_04201_d_0000821,162,150-300,1000,90,135,147,155,20,2,102,0,201,0,129,105,28,25,5,5
0000330_04401_d_0000822,38,<50,611,36,36,36,36,0,0,35,0,59,0,23,21,14,14,1,1
0000330_04601_d_0000823,62,50-100,1000,46,52,53,53,1,0,43,0,77,0,48,38,12,12,2,2
0000333_00001_d_0000001,68,50-100,1000,49,59,61,63,4,1,67,0,127,0,35,28,33,31,0,0
0000333_01765_d_0000010,120,100-150,1000,73,99,102,105,6,0,65,0,132,0,84,63,36,36,0,0
0000333_01961_d_0000011,65,50-100,1000,60,64,64,64,0,0,52,0,74,0,36,35,29,29,0,0
0000333_02157_d_0000012,67,50-100,1000,57,62,63,65,3,1,68,0,100,0,30,25,37,37,0,0
0000333_02353_d_0000013,70,50-100,1000,59,64,65,65,1,0,54,0,95,0,41,35,29,29,0,0
0000333_02549_d_0000014,91,50-100,1000,69,78,80,82,4,0,61,0,116,0,64,51,27,27,0,0
0000333_02745_d_0000015,52,50-100,1000,43,47,48,48,1,0,42,0,66,0,35,30,17,17,0,0
0000333_02941_d_0000016,44,<50,1000,40,40,42,42,2,0,39,0,56,0,23,19,21,21,0,0
0000333_03137_d_0000017,39,<50,1000,35,37,37,37,0,0,30,0,52,0,23,21,16,16,0,0
0000333_03333_d_0000018,62,50-100,1000,53,60,60,60,0,0,56,0,89,0,32,30,30,30,0,0
0000333_03529_d_0000019,95,50-100,1000,73,84,87,87,3,1,62,0,91,0,55,44,40,40,0,0
0000333_03725_d_0000020,83,50-100,1000,66,77,79,80,3,0,72,0,103,0,49,43,34,34,0,0
0000335_00001_d_0000043,41,<50,594,38,40,40,40,0,0,37,0,66,0,16,16,19,18,6,6
0000335_00197_d_0000044,37,<50,769,34,35,36,36,1,0,29,0,55,0,21,20,12,11,4,4
0000335_00393_d_0000045,34,<50,565,31,32,32,32,0,0,24,0,43,0,12,12,17,15,5,5
0000335_00589_d_0000046,21,<50,334,20,20,20,20,0,0,18,0,29,0,7,6,12,12,2,2
0000335_00785_d_0000047,34,<50,869,29,29,29,29,0,0,30,0,56,0,24,20,8,7,2,2
0000335_00981_d_0000048,78,50-100,1000,46,57,60,60,3,0,39,0,82,0,71,50,7,7,0,0
0000335_01765_d_0000052,61,50-100,1000,51,54,54,54,0,0,47,0,82,0,48,41,12,12,1,1
0000335_01961_d_0000053,69,50-100,1000,62,68,68,68,0,0,61,0,99,0,53,52,15,15,1,1
0000335_02353_d_0000055,82,50-100,1000,69,79,81,81,2,0,70,0,129,0,63,60,18,18,1,1
0000335_02549_d_0000056,87,50-100,1000,68,78,78,78,0,0,70,0,124,0,74,65,12,12,1,1
0000335_02745_d_0000057,99,50-100,1000,73,87,90,91,4,0,77,0,151,0,84,73,13,12,2,2
0000335_03137_d_0000059,103,100-150,1000,69,82,87,90,8,0,70,0,130,0,79,58,23,23,1,1
0000335_03333_d_0000060,40,<50,627,38,39,40,40,1,0,45,0,75,0,18,17,19,19,3,3
0000335_03725_d_0000062,27,<50,327,26,26,26,26,0,0,27,0,33,0,4,4,17,16,6,6
0000335_03921_d_0000063,44,<50,595,43,44,44,44,0,0,44,0,53,0,9,9,31,31,4,4
0000335_04117_d_0000064,28,<50,219,27,28,28,28,0,0,30,0,34,0,7,7,15,15,6,6
0000335_04313_d_0000065,38,<50,560,36,36,36,36,0,0,36,0,48,0,17,15,18,18,3,3
0000335_05097_d_0000069,20,<50,267,20,20,20,20,0,0,21,0,26,0,8,8,7,7,5,5
0000335_05685_d_0000072,15,<50,138,15,15,15,15,0,0,14,0,14,0,1,1,9,9,5,5
0000335_06469_d_0000076,8,<50,165,8,8,8,8,0,0,6,0,8,0,4,4,2,2,2,2
0000335_06665_d_0000077,21,<50,274,20,21,21,21,0,0,20,0,28,0,3,3,13,13,5,5
0000335_06861_d_0000078,24,<50,294,22,24,24,24,0,0,25,0,33,0,10,10,9,9,5,5
0000342_00393_d_0000244,133,100-150,1000,78,105,110,114,9,0,81,0,161,0,112,86,18,16,3,3
0000345_07057_d_0000345,108,100-150,1000,70,96,98,98,2,0,78,0,155,0,86,74,22,22,0,0
0000346_00001_d_0000346,82,50-100,1000,67,75,80,80,5,1,74,0,119,0,35,28,39,39,8,8
0000346_01961_d_0000356,71,50-100,1000,59,62,67,68,6,0,70,0,103,0,44,38,26,23,1,1
0000346_02549_d_0000359,59,50-100,1000,53,57,58,58,1,0,71,0,118,0,23,22,30,29,6,6
0000346_03921_d_0000366,50,50-100,1000,43,47,49,49,2,1,44,0,86,0,22,20,23,22,5,5
0000346_07057_d_0000382,87,50-100,1000,65,77,77,79,2,0,75,0,119,0,50,41,37,36,0,0
0000348_00589_d_0000409,34,<50,865,29,33,33,33,0,0,38,0,65,0,26,25,7,7,1,1
0000348_03333_d_0000423,15,<50,301,15,15,15,15,0,0,13,0,21,0,4,4,11,11,0,0
0000356_00589_d_0000632,121,100-150,1000,88,110,114,115,5,1,117,0,214,0,92,82,26,25,3,3
0000356_01177_d_0000635,88,50-100,1000,69,81,83,83,2,0,81,0,163,0,58,53,25,23,5,5
0000356_01569_d_0000637,100,100-150,1000,66,83,88,91,8,0,84,0,215,0,71,55,27,26,2,2
0000356_01765_d_0000638,84,50-100,1000,61,71,71,73,2,0,74,0,180,0,54,41,27,27,3,3
0000356_01961_d_0000639,111,100-150,1000,58,79,90,99,20,1,66,0,164,0,83,51,24,24,4,4
0000356_02157_d_0000640,54,50-100,1000,46,51,51,52,1,0,73,0,191,0,29,27,23,22,2,2
0000356_02353_d_0000641,106,100-150,1000,61,80,87,90,10,1,72,0,176,0,79,56,27,24,0,0
0000356_02745_d_0000643,97,50-100,1000,63,85,88,90,5,1,62,0,158,0,74,65,19,16,4,4
0000356_02941_d_0000644,108,100-150,1000,63,82,94,98,16,1,60,0,159,0,89,66,15,12,4,4
0000356_03333_d_0000646,80,50-100,1000,63,73,75,77,4,0,72,0,179,0,55,50,25,23,0,0
0000356_03529_d_0000647,81,50-100,1000,59,73,76,78,5,0,90,0,234,0,50,43,29,28,2,2
0000356_03725_d_0000648,94,50-100,1000,58,73,85,89,16,2,54,0,154,0,63,42,30,30,1,1
0000356_03921_d_0000649,72,50-100,1000,54,65,65,68,3,0,78,0,203,0,49,44,22,20,1,1
0000356_04117_d_0000650,93,50-100,1000,62,79,82,85,6,0,56,0,127,0,70,56,20,20,3,3
0000356_04313_d_0000651,99,50-100,1000,59,79,85,90,11,0,76,0,173,0,73,56,25,22,1,1
0000356_04705_d_0000653,70,50-100,1000,56,62,63,63,1,0,83,0,212,0,53,46,15,14,2,2
0000356_04901_d_0000654,102,100-150,1000,60,74,84,85,11,0,61,0,179,0,81,55,19,17,2,2
0000356_05097_d_0000655,114,100-150,1000,64,84,95,98,14,0,74,0,183,0,92,62,21,21,1,1
0000358_03333_d_0000697,93,50-100,1000,67,75,80,81,6,1,64,0,120,0,74,56,18,18,1,1
0000359_00393_d_0000701,39,<50,1000,35,37,38,38,1,0,33,0,71,0,25,23,14,14,0,0
0000359_00589_d_0000702,39,<50,873,33,34,37,39,5,0,38,0,69,0,19,14,18,18,2,2
0000359_00785_d_0000703,30,<50,834,28,28,29,29,1,0,33,0,50,0,8,6,18,18,4,4
0000359_00981_d_0000704,33,<50,838,29,29,29,30,1,0,34,0,56,0,6,4,24,22,3,3
0000359_01177_d_0000705,59,50-100,1000,51,57,58,58,1,0,61,0,124,0,20,18,33,33,6,6
0000359_01373_d_0000706,12,<50,157,12,12,12,12,0,0,13,0,13,0,0,0,7,7,5,5
0000359_01961_d_0000707,18,<50,255,18,18,18,18,0,0,21,0,25,0,0,0,13,13,5,5
0000359_02353_d_0000708,31,<50,886,23,26,26,26,0,0,22,0,37,0,25,20,6,6,0,0
0000359_02549_d_0000709,21,<50,325,21,21,21,21,0,0,21,0,30,0,6,6,12,12,3,3
0000359_03333_d_0000711,13,<50,264,13,13,13,13,0,0,18,0,24,0,2,2,11,11,0,0
0000359_03529_d_0000712,16,<50,370,16,16,16,16,0,0,8,0,21,0,0,0,13,13,3,3
0000360_00001_d_0000713,80,50-100,1000,61,73,76,76,3,0,72,0,128,0,54,49,23,21,3,3
0000360_00197_d_0000714,79,50-100,1000,63,74,76,76,2,1,62,0,113,0,50,47,27,25,2,2
0000360_00393_d_0000715,79,50-100,1000,60,74,77,78,4,0,56,0,125,0,45,40,32,32,2,2
0000360_00589_d_0000716,60,50-100,1000,51,55,57,58,3,0,48,0,97,0,31,29,27,24,2,2
0000360_00785_d_0000717,59,50-100,1000,50,56,56,58,2,0,46,0,88,0,26,24,33,32,0,0
0000360_00981_d_0000718,65,50-100,1000,54,60,61,62,2,0,62,0,109,0,33,29,31,30,1,1
0000360_02353_d_0000725,72,50-100,1000,60,66,70,70,4,0,64,0,109,0,34,31,35,32,3,3
0000360_02745_d_0000727,81,50-100,1000,57,69,72,75,6,0,66,0,99,0,46,41,31,24,4,4
0000360_02941_d_0000728,45,<50,870,38,40,42,42,2,0,41,0,63,0,11,9,31,28,3,3
0000360_03137_d_0000729,56,50-100,969,51,52,53,53,1,0,50,0,76,0,28,24,25,25,3,3
0000360_03333_d_0000730,56,50-100,858,51,54,55,56,2,0,50,0,74,0,36,34,16,16,4,4
0000360_03529_d_0000731,31,<50,570,26,27,27,27,0,0,30,0,48,0,17,13,13,13,1,1
0000360_03921_d_0000733,52,50-100,773,46,48,48,48,0,0,38,0,74,0,39,35,12,12,1,1
0000360_04117_d_0000734,18,<50,220,17,17,17,17,0,0,17,0,24,0,2,2,11,10,5,5
0000360_04705_d_0000737,9,<50,227,9,9,9,9,0,0,8,0,21,0,0,0,7,7,2,2
0000360_05293_d_0000740,70,50-100,1000,58,62,66,67,5,0,54,0,102,0,46,42,17,14,7,6
0000360_05685_d_0000742,60,50-100,1000,51,58,58,58,0,0,39,0,72,0,17,16,42,41,1,1
0000360_06273_d_0000745,17,<50,725,16,17,17,17,0,0,21,0,33,0,5,5,12,12,0,0
0000360_06665_d_0000747,48,<50,912,46,47,47,47,0,0,42,0,66,0,15,14,29,29,4,4
0000360_06861_d_0000748,25,<50,580,25,25,25,25,0,0,29,0,38,0,4,4,14,14,7,7
0000360_07057_d_0000749,15,<50,587,14,14,15,15,1,0,19,0,29,0,4,4,3,3,8,7
0000360_07253_d_0000750,28,<50,494,28,28,28,28,0,0,27,0,52,0,5,5,16,16,7,7
0000360_07645_d_0000752,16,<50,283,16,16,16,16,0,0,16,0,24,0,0,0,12,12,4,4
0000364_00589_d_0000798,62,50-100,1000,41,49,55,56,7,0,48,0,105,0,50,39,10,8,2,2
0000364_01177_d_0000799,80,50-100,1000,57,72,73,74,2,1,47,0,112,0,61,53,18,18,1,1
0000364_01373_d_0000780,64,50-100,1000,44,51,56,57,6,1,44,0,109,0,51,39,11,10,2,2
0000364_01569_d_0000781,97,50-100,1000,51,66,72,78,12,1,42,0,120,0,83,56,14,10,0,0
0000364_01765_d_0000782,81,50-100,1000,47,64,72,75,11,2,65,0,162,0,60,49,20,15,1,0
