cohort,image,n_gt,probe_area,hit300_full,full_conf,full_rank,masked_conf,masked_rank,dconf
dense,0000295_02400_d_0000033,317,105.0,0,0.1003,478,0.1215,31,0.0212
dense,0000295_02400_d_0000033,317,240.0,0,0.0432,874,0.4975,12,0.4543
dense,0000295_02400_d_0000033,317,1273.0,0,0.1584,351,0.0264,21,-0.132
dense,0000295_02400_d_0000033,317,589.0,0,0.128,401,0.5335,4,0.4055
dense,0000295_02400_d_0000033,317,374.0,0,0.0811,562,0.0506,18,-0.0305
dense,0000295_02400_d_0000033,317,592.0,0,0.0616,697,0.2807,11,0.2191
dense,0000295_02400_d_0000033,317,5989.0,0,0.1136,429,0.3063,20,0.1926
dense,0000295_02400_d_0000033,317,210.0,0,0.0628,687,0.0893,7,0.0265
dense,0000295_02400_d_0000033,317,429.0,1,0.3573,187,0.5996,6,0.2422
dense,0000295_02400_d_0000033,317,324.0,1,0.244,263,0.3936,8,0.1495
dense,0000295_02400_d_0000033,317,200.0,1,0.5213,111,0.3976,1,-0.1237
dense,0000295_02400_d_0000033,317,475.0,1,0.3843,173,0.5346,2,0.1503
dense,0000295_02400_d_0000033,317,120.0,1,0.4624,135,0.321,7,-0.1414
dense,0000295_02400_d_0000033,317,240.0,1,0.7007,53,0.6551,4,-0.0456
dense,0000295_02400_d_0000033,317,434.0,1,0.5469,103,0.7183,1,0.1714
dense,0000295_02400_d_0000033,317,207.0,1,0.4942,124,0.4335,6,-0.0607
dense,0000295_02000_d_0000031,311,320.0,0,0.1124,383,0.0409,26,-0.0715
dense,0000295_02000_d_0000031,311,90.0,0,0.0,-1,0.0,-1,0.0
dense,0000295_02000_d_0000031,311,1290.0,0,0.0572,606,0.1011,4,0.044
dense,0000295_02000_d_0000031,311,60.0,0,0.0943,433,0.1662,16,0.0718
dense,0000295_02000_d_0000031,311,104.0,0,0.1539,301,0.0173,70,-0.1366
dense,0000295_02000_d_0000031,311,1248.0,0,0.0,-1,0.0,-1,0.0
dense,0000295_02000_d_0000031,311,308.0,0,0.1009,413,0.0267,60,-0.0742
dense,0000295_02000_d_0000031,311,112.0,0,0.0,-1,0.0,-1,0.0
dense,0000295_02000_d_0000031,311,133.0,1,0.6872,85,0.7067,1,0.0195
dense,0000295_02000_d_0000031,311,713.0,1,0.6033,105,0.0283,1,-0.575
dense,0000295_02000_d_0000031,311,234.0,1,0.6933,82,0.7488,2,0.0554
dense,0000295_02000_d_0000031,311,1924.0,1,0.5796,108,0.5259,2,-0.0538
dense,0000295_02000_d_0000031,311,84.0,1,0.2572,203,0.4953,2,0.2381
dense,0000295_02000_d_0000031,311,754.0,1,0.8628,28,0.8369,1,-0.0259
dense,0000295_02000_d_0000031,311,384.0,1,0.2876,193,0.2409,6,-0.0467
dense,0000295_02000_d_0000031,311,360.0,1,0.666,92,0.3947,8,-0.2712
dense,0000295_01800_d_0000030,306,40.0,0,0.0,-1,0.0,-1,0.0
dense,0000295_01800_d_0000030,306,192.0,0,0.0,-1,0.0027,155,0.0027
dense,0000295_01800_d_0000030,306,30.0,0,0.0,-1,0.0,-1,0.0
dense,0000295_01800_d_0000030,306,91.0,0,0.0716,459,0.1615,13,0.09
dense,0000295_01800_d_0000030,306,96.0,0,0.0631,501,0.0,-1,-0.0631
dense,0000295_01800_d_0000030,306,52.0,0,0.0,-1,0.0,-1,0.0
dense,0000295_01800_d_0000030,306,559.0,0,0.0431,640,0.0837,7,0.0405
dense,0000295_01800_d_0000030,306,80.0,0,0.0,-1,0.0,-1,0.0
dense,0000295_01800_d_0000030,306,228.0,1,0.7391,63,0.762,1,0.0228
dense,0000295_01800_d_0000030,306,341.0,1,0.2128,205,0.1969,9,-0.0159
dense,0000295_01800_d_0000030,306,2646.0,1,0.9292,1,0.9304,0,0.0012
dense,0000295_01800_d_0000030,306,180.0,1,0.3806,129,0.126,23,-0.2546
dense,0000295_01800_d_0000030,306,240.0,1,0.7636,59,0.6908,0,-0.0728
dense,0000295_01800_d_0000030,306,270.0,1,0.7156,70,0.6151,6,-0.1005
dense,0000295_01800_d_0000030,306,468.0,1,0.7245,68,0.7986,3,0.0742
dense,0000295_01800_d_0000030,306,330.0,1,0.5765,91,0.3401,4,-0.2364
dense,0000295_01000_d_0000026,251,48.0,0,0.0,-1,0.0145,41,0.0145
dense,0000295_01000_d_0000026,251,24.0,0,0.0,-1,0.0,-1,0.0
dense,0000295_01000_d_0000026,251,117.0,0,0.0,-1,0.0,-1,0.0
dense,0000295_01000_d_0000026,251,60.0,0,0.0,-1,0.0,-1,0.0
dense,0000295_01000_d_0000026,251,88.0,0,0.0,-1,0.0,-1,0.0
dense,0000295_01000_d_0000026,251,114.0,0,0.0554,356,0.0642,23,0.0088
dense,0000295_01000_d_0000026,251,24.0,0,0.0385,461,0.0387,8,0.0002
dense,0000295_01000_d_0000026,251,120.0,0,0.0597,341,0.1043,17,0.0446
dense,0000295_01000_d_0000026,251,714.0,1,0.1844,152,0.3978,2,0.2135
dense,0000295_01000_d_0000026,251,2236.0,1,0.3573,86,0.434,1,0.0767
dense,0000295_01000_d_0000026,251,192.0,1,0.3979,75,0.4671,3,0.0692
dense,0000295_01000_d_0000026,251,56.0,1,0.2831,106,0.073,2,-0.2101
dense,0000295_01000_d_0000026,251,330.0,1,0.5143,57,0.3079,0,-0.2064
dense,0000295_01000_d_0000026,251,261.0,1,0.2374,122,0.5417,6,0.3043
dense,0000295_01000_d_0000026,251,1435.0,1,0.8959,11,0.8636,0,-0.0323
dense,0000295_01000_d_0000026,251,91.0,1,0.3222,92,0.6216,3,0.2994
dense,0000291_03201_d_0000884,229,750.0,0,0.0,-1,0.2103,1,0.2103
dense,0000291_03201_d_0000884,229,408.0,0,0.0429,500,0.0113,154,-0.0315
dense,0000291_03201_d_0000884,229,342.0,0,0.0627,389,0.12,3,0.0573
dense,0000291_03201_d_0000884,229,600.0,0,0.0,-1,0.0196,12,0.0196
dense,0000291_03201_d_0000884,229,65.0,0,0.0,-1,0.0,-1,0.0
dense,0000291_03201_d_0000884,229,95.0,0,0.0639,387,0.0626,24,-0.0013
dense,0000291_03201_d_0000884,229,448.0,0,0.0,-1,0.0,-1,0.0
dense,0000291_03201_d_0000884,229,946.0,0,0.0387,533,0.0264,15,-0.0123
dense,0000291_03201_d_0000884,229,1617.0,1,0.5809,81,0.4863,5,-0.0946
dense,0000291_03201_d_0000884,229,462.0,1,0.7569,41,0.7755,2,0.0186
dense,0000291_03201_d_0000884,229,704.0,1,0.7349,49,0.0185,1,-0.7164
dense,0000291_03201_d_0000884,229,912.0,1,0.1735,192,0.2279,1,0.0544
dense,0000291_03201_d_0000884,229,644.0,1,0.3454,137,0.0161,16,-0.3293
dense,0000291_03201_d_0000884,229,672.0,1,0.1067,259,0.0252,5,-0.0815
dense,0000291_03201_d_0000884,229,1350.0,1,0.6949,60,0.6446,2,-0.0502
dense,0000291_03201_d_0000884,229,624.0,1,0.7615,38,0.7462,0,-0.0153
dense,0000291_01201_d_0000874,212,532.0,0,0.0,-1,0.0,-1,0.0
dense,0000291_01201_d_0000874,212,486.0,0,0.1492,187,0.0987,5,-0.0505
dense,0000291_01201_d_0000874,212,680.0,0,0.0,-1,0.4477,0,0.4477
dense,0000291_01201_d_0000874,212,3444.0,0,0.0,-1,0.0,-1,0.0
dense,0000291_01201_d_0000874,212,150.0,0,0.0,-1,0.0024,78,0.0024
dense,0000291_01201_d_0000874,212,495.0,0,0.0136,827,0.0059,34,-0.0077
dense,0000291_01201_d_0000874,212,190.0,0,0.0,-1,0.0375,11,0.0375
dense,0000291_01201_d_0000874,212,1218.0,0,0.0,-1,0.1257,3,0.1257
dense,0000291_01201_d_0000874,212,180.0,1,0.2968,122,0.4196,3,0.1229
dense,0000291_01201_d_0000874,212,3200.0,1,0.7583,34,0.8081,1,0.0498
dense,0000291_01201_d_0000874,212,1196.0,1,0.8302,20,0.8418,0,0.0116
dense,0000291_01201_d_0000874,212,408.0,1,0.3033,121,0.0,-1,-0.3033
dense,0000291_01201_d_0000874,212,190.0,1,0.3382,111,0.5978,1,0.2597
dense,0000291_01201_d_0000874,212,841.0,1,0.5915,70,0.5949,3,0.0033
dense,0000291_01201_d_0000874,212,1035.0,1,0.6795,48,0.5725,2,-0.107
dense,0000291_01201_d_0000874,212,3627.0,1,0.8784,11,0.8605,1,-0.0179
dense,0000295_02900_d_0000034,212,36.0,0,0.0,-1,0.0,-1,0.0
dense,0000295_02900_d_0000034,212,99.0,0,0.0422,415,0.0162,20,-0.0261
dense,0000295_02900_d_0000034,212,224.0,0,0.0088,899,0.0688,10,0.0599
dense,0000295_02900_d_0000034,212,70.0,0,0.0,-1,0.0,-1,0.0
dense,0000295_02900_d_0000034,212,504.0,0,0.0663,324,0.0144,21,-0.0519
dense,0000295_02900_d_0000034,212,99.0,0,0.0314,467,0.0027,42,-0.0286
dense,0000295_02900_d_0000034,212,180.0,0,0.0574,342,0.0539,9,-0.0035
dense,0000295_02900_d_0000034,212,99.0,0,0.039,425,0.0517,70,0.0126
dense,0000295_02900_d_0000034,212,288.0,1,0.7281,76,0.7655,2,0.0374
dense,0000295_02900_d_0000034,212,468.0,1,0.4173,136,0.3033,7,-0.114
dense,0000295_02900_d_0000034,212,108.0,1,0.2326,176,0.0,-1,-0.2326
dense,0000295_02900_d_0000034,212,105.0,1,0.2816,157,0.5199,1,0.2383
dense,0000295_02900_d_0000034,212,13090.0,1,0.9447,3,0.8814,3,-0.0633
dense,0000295_02900_d_0000034,212,2475.0,1,0.8647,28,0.8822,1,0.0175
dense,0000295_02900_d_0000034,212,90.0,1,0.2719,162,0.1515,3,-0.1204
dense,0000295_02900_d_0000034,212,240.0,1,0.4682,126,0.4794,3,0.0111
dense,0000291_05201_d_0000893,207,133.0,0,0.0578,432,0.0116,52,-0.0462
dense,0000291_05201_d_0000893,207,1152.0,0,0.8168,37,0.816,1,-0.0008
dense,0000291_05201_d_0000893,207,931.0,0,0.0,-1,0.0138,61,0.0138
dense,0000291_05201_d_0000893,207,693.0,0,0.1007,301,0.0048,20,-0.0959
dense,0000291_05201_d_0000893,207,700.0,0,0.0909,322,0.1373,4,0.0464
dense,0000291_05201_d_0000893,207,728.0,0,0.0242,768,0.0127,28,-0.0115
dense,0000291_05201_d_0000893,207,567.0,0,0.5308,115,0.4109,0,-0.1199
dense,0000291_05201_d_0000893,207,1830.0,0,0.0364,582,0.015,86,-0.0214
dense,0000291_05201_d_0000893,207,285.0,1,0.6182,91,0.5699,2,-0.0483
dense,0000291_05201_d_0000893,207,1134.0,1,0.8394,30,0.8197,1,-0.0196
dense,0000291_05201_d_0000893,207,168.0,1,0.7492,56,0.6596,1,-0.0896
dense,0000291_05201_d_0000893,207,676.0,1,0.2902,177,0.0741,14,-0.2161
dense,0000291_05201_d_0000893,207,144.0,1,0.6635,79,0.5516,3,-0.1119
dense,0000291_05201_d_0000893,207,1140.0,1,0.5395,109,0.4215,5,-0.1179
dense,0000291_05201_d_0000893,207,532.0,1,0.1243,269,0.0,-1,-0.1243
dense,0000291_05201_d_0000893,207,736.0,1,0.4378,138,0.0949,2,-0.3429
dense,0000295_01200_d_0000027,200,216.0,0,0.059,445,0.0765,13,0.0175
dense,0000295_01200_d_0000027,200,208.0,0,0.0423,558,0.0011,285,-0.0412
dense,0000295_01200_d_0000027,200,60.0,0,0.0739,370,0.0331,9,-0.0408
dense,0000295_01200_d_0000027,200,36.0,0,0.0,-1,0.0,-1,0.0
dense,0000295_01200_d_0000027,200,48.0,0,0.0,-1,0.0245,88,0.0245
dense,0000295_01200_d_0000027,200,78.0,0,0.0169,946,0.0077,44,-0.0092
dense,0000295_01200_d_0000027,200,168.0,0,0.0,-1,0.0,-1,0.0
dense,0000295_01200_d_0000027,200,192.0,0,0.0888,319,0.1118,9,0.023
dense,0000295_01200_d_0000027,200,777.0,1,0.7678,29,0.7998,0,0.032
dense,0000295_01200_d_0000027,200,195.0,1,0.3826,107,0.2311,22,-0.1515
dense,0000295_01200_d_0000027,200,264.0,1,0.1505,222,0.3149,5,0.1644
dense,0000295_01200_d_0000027,200,207.0,1,0.328,126,0.4475,3,0.1195
dense,0000295_01200_d_0000027,200,147.0,1,0.1923,181,0.2579,3,0.0656
dense,0000295_01200_d_0000027,200,312.0,1,0.7588,31,0.6551,1,-0.1037
dense,0000295_01200_d_0000027,200,555.0,1,0.83,17,0.8201,0,-0.0099
dense,0000295_01200_d_0000027,200,168.0,1,0.6076,63,0.5602,0,-0.0473
dense,0000295_02200_d_0000032,193,152.0,0,0.1068,489,0.1453,13,0.0385
dense,0000295_02200_d_0000032,193,209.0,0,0.1288,428,0.3903,9,0.2616
dense,0000295_02200_d_0000032,193,252.0,0,0.1858,325,0.3596,4,0.1738
dense,0000295_02200_d_0000032,193,104.0,0,0.1311,418,0.086,19,-0.0451
dense,0000295_02200_d_0000032,193,1100.0,0,0.0,-1,0.0,-1,0.0
dense,0000295_02200_d_0000032,193,1045.0,0,0.2827,220,0.1242,34,-0.1585
dense,0000295_02200_d_0000032,193,224.0,0,0.1667,348,0.5829,0,0.4162
dense,0000295_02200_d_0000032,193,682.0,0,0.0,-1,0.036,32,0.036
dense,0000295_02200_d_0000032,193,255.0,1,0.7105,61,0.4116,3,-0.2988
dense,0000295_02200_d_0000032,193,1166.0,1,0.8674,28,0.8551,1,-0.0123
dense,0000295_02200_d_0000032,193,465.0,1,0.4343,140,0.5483,0,0.114
dense,0000295_02200_d_0000032,193,152.0,1,0.241,261,0.2842,4,0.0431
dense,0000295_02200_d_0000032,193,168.0,1,0.4101,150,0.6177,4,0.2076
dense,0000295_02200_d_0000032,193,720.0,1,0.5841,97,0.54,4,-0.044
dense,0000295_02200_d_0000032,193,1015.0,1,0.843,37,0.8414,3,-0.0016
dense,0000295_02200_d_0000032,193,242.0,1,0.4735,128,0.6429,5,0.1693
dense,0000291_03801_d_0000887,191,990.0,0,0.0,-1,0.006,40,0.006
dense,0000291_03801_d_0000887,191,870.0,0,0.0,-1,0.0,-1,0.0
dense,0000291_03801_d_0000887,191,663.0,0,0.0,-1,0.0098,14,0.0098
dense,0000291_03801_d_0000887,191,816.0,0,0.0277,363,0.0322,28,0.0045
dense,0000291_03801_d_0000887,191,957.0,0,0.0072,860,0.0284,4,0.0211
dense,0000291_03801_d_0000887,191,1369.0,0,0.0,-1,0.0,-1,0.0
dense,0000291_03801_d_0000887,191,806.0,0,0.0068,909,0.0083,25,0.0015
dense,0000291_03801_d_0000887,191,600.0,0,0.0,-1,0.0348,36,0.0348
dense,0000291_03801_d_0000887,191,992.0,1,0.0432,290,0.0,-1,-0.0432
dense,0000291_03801_d_0000887,191,1378.0,1,0.1887,118,0.0184,16,-0.1703
dense,0000291_03801_d_0000887,191,1029.0,1,0.3099,80,0.0088,19,-0.3011
dense,0000291_03801_d_0000887,191,912.0,1,0.6072,45,0.6684,6,0.0611
dense,0000291_03801_d_0000887,191,672.0,1,0.3546,76,0.4937,1,0.1391
dense,0000291_03801_d_0000887,191,1764.0,1,0.1238,158,0.186,2,0.0622
dense,0000291_03801_d_0000887,191,924.0,1,0.1396,146,0.2314,7,0.0918
dense,0000291_03801_d_0000887,191,1026.0,1,0.79,10,0.8128,0,0.0227
dense,0000295_01400_d_0000028,189,154.0,0,0.0535,407,0.0181,15,-0.0354
dense,0000295_01400_d_0000028,189,60.0,0,0.0,-1,0.0,-1,0.0
dense,0000295_01400_d_0000028,189,380.0,0,0.0114,973,0.006,16,-0.0054
dense,0000295_01400_d_0000028,189,132.0,0,0.0,-1,0.011,40,0.011
dense,0000295_01400_d_0000028,189,585.0,0,0.0175,785,0.0283,8,0.0107
dense,0000295_01400_d_0000028,189,60.0,0,0.0,-1,0.0181,133,0.0181
dense,0000295_01400_d_0000028,189,144.0,0,0.0,-1,0.0,-1,0.0
dense,0000295_01400_d_0000028,189,117.0,0,0.2851,139,0.0453,93,-0.2398
dense,0000295_01400_d_0000028,189,360.0,1,0.4955,99,0.3897,23,-0.1057
dense,0000295_01400_d_0000028,189,144.0,1,0.2185,160,0.1711,5,-0.0473
dense,0000295_01400_d_0000028,189,216.0,1,0.661,63,0.681,0,0.02
dense,0000295_01400_d_0000028,189,4161.0,1,0.9204,2,0.7981,3,-0.1223
dense,0000295_01400_d_0000028,189,240.0,1,0.4746,101,0.4628,15,-0.0119
dense,0000295_01400_d_0000028,189,168.0,1,0.5497,87,0.4422,8,-0.1075
dense,0000295_01400_d_0000028,189,165.0,1,0.5367,91,0.3721,13,-0.1646
dense,0000295_01400_d_0000028,189,299.0,1,0.308,126,0.6323,3,0.3243
dense,0000291_03401_d_0000885,187,1824.0,0,0.0095,823,0.0122,49,0.0026
dense,0000291_03401_d_0000885,187,273.0,0,0.0106,776,0.0283,25,0.0177
dense,0000291_03401_d_0000885,187,496.0,0,0.0176,556,0.0384,11,0.0208
dense,0000291_03401_d_0000885,187,1120.0,0,0.0,-1,0.0743,1,0.0743
dense,0000291_03401_d_0000885,187,405.0,0,0.0,-1,0.0561,13,0.0561
dense,0000291_03401_d_0000885,187,928.0,0,0.0433,315,0.0029,0,-0.0404
dense,0000291_03401_d_0000885,187,280.0,0,0.0,-1,0.0246,5,0.0246
dense,0000291_03401_d_0000885,187,902.0,0,0.0235,455,0.0166,34,-0.0069
dense,0000291_03401_d_0000885,187,799.0,1,0.6516,63,0.2407,3,-0.4109
dense,0000291_03401_d_0000885,187,1332.0,1,0.7404,49,0.7644,1,0.024
dense,0000291_03401_d_0000885,187,8208.0,1,0.9249,2,0.9179,0,-0.0071
dense,0000291_03401_d_0000885,187,1551.0,1,0.0797,241,0.0143,14,-0.0654
dense,0000291_03401_d_0000885,187,1716.0,1,0.6306,67,0.2085,5,-0.4221
dense,0000291_03401_d_0000885,187,6006.0,1,0.7693,35,0.5725,9,-0.1968
dense,0000291_03401_d_0000885,187,1020.0,1,0.2574,138,0.0061,42,-0.2513
dense,0000291_03401_d_0000885,187,1292.0,1,0.7463,47,0.5433,1,-0.203
dense,0000129_02411_d_0000138,186,56.0,0,0.0621,305,0.0367,10,-0.0255
dense,0000129_02411_d_0000138,186,240.0,0,0.0,-1,0.0,-1,0.0
dense,0000129_02411_d_0000138,186,140.0,0,0.3776,129,0.1636,2,-0.214
dense,0000129_02411_d_0000138,186,96.0,0,0.0388,405,0.0,-1,-0.0388
dense,0000129_02411_d_0000138,186,144.0,0,0.0188,591,0.0,-1,-0.0188
dense,0000129_02411_d_0000138,186,1326.0,0,0.0,-1,0.0178,5,0.0178
dense,0000129_02411_d_0000138,186,154.0,0,0.4645,116,0.3916,2,-0.0729
dense,0000129_02411_d_0000138,186,156.0,0,0.0221,539,0.0377,6,0.0155
dense,0000129_02411_d_0000138,186,84.0,1,0.3337,137,0.0125,70,-0.3211
dense,0000129_02411_d_0000138,186,3534.0,1,0.8889,52,0.8862,1,-0.0028
dense,0000129_02411_d_0000138,186,240.0,1,0.4645,116,0.3802,2,-0.0842
dense,0000129_02411_d_0000138,186,3456.0,1,0.3473,136,0.132,4,-0.2153
dense,0000129_02411_d_0000138,186,2000.0,1,0.8979,40,0.8964,0,-0.0015
dense,0000129_02411_d_0000138,186,56.0,1,0.4083,124,0.1769,3,-0.2314
dense,0000129_02411_d_0000138,186,2964.0,1,0.8826,60,0.8517,1,-0.031
dense,0000129_02411_d_0000138,186,875.0,1,0.3174,139,0.721,0,0.4036
dense,0000295_00600_d_0000024,186,144.0,0,0.0104,941,0.0,-1,-0.0104
dense,0000295_00600_d_0000024,186,216.0,0,0.0769,305,0.0514,13,-0.0254
dense,0000295_00600_d_0000024,186,128.0,0,0.0258,589,0.0126,43,-0.0132
dense,0000295_00600_d_0000024,186,25.0,0,0.0399,467,0.1936,4,0.1537
dense,0000295_00600_d_0000024,186,120.0,0,0.0607,355,0.009,23,-0.0518
dense,0000295_00600_d_0000024,186,56.0,0,0.0485,410,0.0,-1,-0.0485
dense,0000295_00600_d_0000024,186,44.0,0,0.0,-1,0.0,-1,0.0
dense,0000295_00600_d_0000024,186,27.0,0,0.0,-1,0.0,-1,0.0
dense,0000295_00600_d_0000024,186,130.0,1,0.6076,59,0.4483,5,-0.1592
dense,0000295_00600_d_0000024,186,2744.0,1,0.9143,2,0.9113,0,-0.0029
dense,0000295_00600_d_0000024,186,140.0,1,0.5559,62,0.6352,0,0.0793
dense,0000295_00600_d_0000024,186,40.0,1,0.0959,258,0.0751,17,-0.0208
dense,0000295_00600_d_0000024,186,90.0,1,0.7247,42,0.6706,1,-0.0541
dense,0000295_00600_d_0000024,186,98.0,1,0.0819,288,0.0527,55,-0.0291
dense,0000295_00600_d_0000024,186,150.0,1,0.3023,109,0.2701,2,-0.0323
dense,0000295_00600_d_0000024,186,147.0,1,0.0789,298,0.0139,35,-0.065
dense,0000296_01001_d_0000040,181,243.0,0,0.0173,680,0.0078,40,-0.0095
dense,0000296_01001_d_0000040,181,44.0,0,0.0,-1,0.0147,65,0.0147
dense,0000296_01001_d_0000040,181,132.0,0,0.0225,596,0.0364,28,0.0139
dense,0000296_01001_d_0000040,181,84.0,0,0.0119,835,0.1364,5,0.1245
dense,0000296_01001_d_0000040,181,176.0,0,0.0446,401,0.0245,5,-0.0201
dense,0000296_01001_d_0000040,181,264.0,0,0.0,-1,0.0,-1,0.0
dense,0000296_01001_d_0000040,181,24.0,0,0.0,-1,0.0,-1,0.0
dense,0000296_01001_d_0000040,181,240.0,0,0.0,-1,0.0,-1,0.0
dense,0000296_01001_d_0000040,181,494.0,1,0.7945,49,0.6239,0,-0.1706
dense,0000296_01001_d_0000040,181,484.0,1,0.3798,115,0.1328,15,-0.247
dense,0000296_01001_d_0000040,181,128.0,1,0.2019,162,0.3766,2,0.1747
dense,0000296_01001_d_0000040,181,1652.0,1,0.547,89,0.7316,1,0.1846
dense,0000296_01001_d_0000040,181,2597.0,1,0.9265,6,0.93,0,0.0035
dense,0000296_01001_d_0000040,181,320.0,1,0.3553,118,0.2697,8,-0.0856
dense,0000296_01001_d_0000040,181,1100.0,1,0.7088,64,0.7105,3,0.0017
dense,0000296_01001_d_0000040,181,240.0,1,0.2321,153,0.1375,6,-0.0946
dense,0000291_00001_d_0000868,178,128.0,0,0.0141,765,0.0,-1,-0.0141
dense,0000291_00001_d_0000868,178,162.0,0,0.0,-1,0.0,-1,0.0
dense,0000291_00001_d_0000868,178,300.0,0,0.0906,194,0.2296,3,0.139
dense,0000291_00001_d_0000868,178,234.0,0,0.0115,873,0.0075,31,-0.004
dense,0000291_00001_d_0000868,178,21.0,0,0.0,-1,0.0,-1,0.0
dense,0000291_00001_d_0000868,178,228.0,0,0.0,-1,0.027,26,0.027
dense,0000291_00001_d_0000868,178,15.0,0,0.0,-1,0.0,-1,0.0
dense,0000291_00001_d_0000868,178,112.0,0,0.0,-1,0.0184,50,0.0184
dense,0000291_00001_d_0000868,178,624.0,1,0.1883,113,0.3574,3,0.1691
dense,0000291_00001_d_0000868,178,2601.0,1,0.467,56,0.2919,3,-0.1751
dense,0000291_00001_d_0000868,178,1060.0,1,0.6085,35,0.6868,0,0.0783
dense,0000291_00001_d_0000868,178,336.0,1,0.3139,78,0.2076,2,-0.1063
dense,0000291_00001_d_0000868,178,2379.0,1,0.5421,47,0.0,-1,-0.5421
dense,0000291_00001_d_0000868,178,3680.0,1,0.9005,0,0.8983,0,-0.0023
dense,0000291_00001_d_0000868,178,989.0,1,0.2513,89,0.2354,10,-0.0159
dense,0000291_00001_d_0000868,178,490.0,1,0.7983,11,0.7242,0,-0.0741
dense,0000291_02601_d_0000881,178,540.0,0,0.0586,333,0.0,-1,-0.0586
dense,0000291_02601_d_0000881,178,1288.0,0,0.7648,52,0.7648,0,-0.0
dense,0000291_02601_d_0000881,178,418.0,0,0.0,-1,0.0156,15,0.0156
dense,0000291_02601_d_0000881,178,1254.0,0,0.019,665,0.0,-1,-0.019
dense,0000291_02601_d_0000881,178,504.0,0,0.0512,361,0.0061,30,-0.0451
dense,0000291_02601_d_0000881,178,928.0,0,0.0527,353,0.0248,4,-0.028
dense,0000291_02601_d_0000881,178,418.0,0,0.0274,533,0.0428,4,0.0154
dense,0000291_02601_d_0000881,178,846.0,0,0.0,-1,0.0,-1,0.0
dense,0000291_02601_d_0000881,178,1274.0,1,0.6461,75,0.6808,2,0.0347
dense,0000291_02601_d_0000881,178,800.0,1,0.6721,66,0.0575,0,-0.6146
dense,0000291_02601_d_0000881,178,126.0,1,0.1161,233,0.1232,8,0.0071
dense,0000291_02601_d_0000881,178,1064.0,1,0.2291,159,0.0069,17,-0.2222
dense,0000291_02601_d_0000881,178,600.0,1,0.8484,25,0.8437,0,-0.0047
dense,0000291_02601_d_0000881,178,1083.0,1,0.7931,43,0.6195,0,-0.1736
dense,0000291_02601_d_0000881,178,744.0,1,0.8137,36,0.7373,1,-0.0764
dense,0000291_02601_d_0000881,178,1653.0,1,0.482,99,0.3414,6,-0.1407
dense,0000086_01954_d_0000005,173,48.0,0,0.0,-1,0.0121,41,0.0121
dense,0000086_01954_d_0000005,173,48.0,0,0.0184,373,0.0875,14,0.069
dense,0000086_01954_d_0000005,173,40.0,0,0.0,-1,0.0,-1,0.0
dense,0000086_01954_d_0000005,173,78.0,0,0.0253,312,0.0273,36,0.002
dense,0000086_01954_d_0000005,173,84.0,0,0.0095,575,0.0369,14,0.0274
dense,0000086_01954_d_0000005,173,90.0,0,0.0188,365,0.1309,21,0.1121
dense,0000086_01954_d_0000005,173,169.0,0,0.0,-1,0.0,-1,0.0
dense,0000086_01954_d_0000005,173,114.0,0,0.0,-1,0.0,-1,0.0
dense,0000086_01954_d_0000005,173,119.0,1,0.3528,97,0.3644,4,0.0116
dense,0000086_01954_d_0000005,173,90.0,1,0.0472,218,0.0,-1,-0.0472
dense,0000086_01954_d_0000005,173,112.0,1,0.6749,52,0.7245,1,0.0496
dense,0000086_01954_d_0000005,173,315.0,1,0.7425,36,0.7124,1,-0.0301
dense,0000086_01954_d_0000005,173,250.0,1,0.7239,39,0.6952,4,-0.0287
dense,0000086_01954_d_0000005,173,260.0,1,0.7005,47,0.6539,4,-0.0466
dense,0000086_01954_d_0000005,173,128.0,1,0.2819,107,0.3503,2,0.0684
dense,0000086_01954_d_0000005,173,96.0,1,0.3937,93,0.5126,5,0.1189
dense,0000291_02001_d_0000878,172,308.0,0,0.0,-1,0.0,-1,0.0
dense,0000291_02001_d_0000878,172,418.0,0,0.0,-1,0.0,-1,0.0
dense,0000291_02001_d_0000878,172,784.0,0,0.0,-1,0.0097,23,0.0097
dense,0000291_02001_d_0000878,172,440.0,0,0.0401,396,0.0406,7,0.0004
dense,0000291_02001_d_0000878,172,500.0,0,0.0,-1,0.0016,17,0.0016
dense,0000291_02001_d_0000878,172,903.0,0,0.021,607,0.0,-1,-0.021
dense,0000291_02001_d_0000878,172,90.0,0,0.0,-1,0.0018,121,0.0018
dense,0000291_02001_d_0000878,172,2150.0,0,0.0197,630,0.1629,0,0.1432
dense,0000291_02001_d_0000878,172,768.0,1,0.3497,116,0.0067,3,-0.3431
dense,0000291_02001_d_0000878,172,702.0,1,0.2491,144,0.1772,5,-0.0718
dense,0000291_02001_d_0000878,172,988.0,1,0.7871,44,0.7221,1,-0.065
dense,0000291_02001_d_0000878,172,576.0,1,0.7476,54,0.1332,9,-0.6144
dense,0000291_02001_d_0000878,172,15180.0,1,0.8319,24,0.9356,0,0.1037
dense,0000291_02001_d_0000878,172,368.0,1,0.1938,154,0.2,5,0.0062
dense,0000291_02001_d_0000878,172,468.0,1,0.2799,135,0.1399,6,-0.14
dense,0000291_02001_d_0000878,172,2816.0,1,0.7905,43,0.7768,0,-0.0137
dense,0000291_00401_d_0000870,166,40.0,0,0.0,-1,0.0161,75,0.0161
dense,0000291_00401_d_0000870,166,30.0,0,0.0,-1,0.0,-1,0.0
dense,0000291_00401_d_0000870,166,136.0,0,0.0,-1,0.0,-1,0.0
dense,0000291_00401_d_0000870,166,135.0,0,0.0,-1,0.1102,10,0.1102
dense,0000291_00401_d_0000870,166,21.0,0,0.0,-1,0.0,-1,0.0
dense,0000291_00401_d_0000870,166,40.0,0,0.0345,526,0.0974,29,0.0629
dense,0000291_00401_d_0000870,166,24.0,0,0.0,-1,0.0,-1,0.0
dense,0000291_00401_d_0000870,166,102.0,0,0.0,-1,0.0483,34,0.0483
dense,0000291_00401_d_0000870,166,117.0,1,0.4491,74,0.0021,102,-0.447
dense,0000291_00401_d_0000870,166,900.0,1,0.1734,159,0.0684,0,-0.105
dense,0000291_00401_d_0000870,166,1880.0,1,0.8129,16,0.426,2,-0.387
dense,0000291_00401_d_0000870,166,360.0,1,0.7235,26,0.7266,0,0.0031
dense,0000291_00401_d_0000870,166,70.0,1,0.4159,79,0.4208,0,0.0049
dense,0000291_00401_d_0000870,166,90.0,1,0.2063,139,0.1483,8,-0.0581
dense,0000291_00401_d_0000870,166,256.0,1,0.279,110,0.0161,17,-0.2629
dense,0000291_00401_d_0000870,166,960.0,1,0.6546,38,0.5843,2,-0.0703
dense,0000313_06601_d_0000469,165,63.0,0,0.0,-1,0.0,-1,0.0
dense,0000313_06601_d_0000469,165,96.0,0,0.0,-1,0.0,-1,0.0
dense,0000313_06601_d_0000469,165,190.0,0,0.0,-1,0.0016,139,0.0016
dense,0000313_06601_d_0000469,165,21.0,0,0.0,-1,0.0,-1,0.0
dense,0000313_06601_d_0000469,165,32.0,0,0.0,-1,0.0,-1,0.0
dense,0000313_06601_d_0000469,165,378.0,0,0.0302,442,0.0184,50,-0.0117
dense,0000313_06601_d_0000469,165,84.0,0,0.0353,394,0.0036,21,-0.0317
dense,0000313_06601_d_0000469,165,160.0,0,0.0129,778,0.0036,45,-0.0093
dense,0000313_06601_d_0000469,165,49.0,1,0.443,54,0.4833,2,0.0403
dense,0000313_06601_d_0000469,165,304.0,1,0.8588,11,0.8484,0,-0.0104
dense,0000313_06601_d_0000469,165,135.0,1,0.3035,82,0.3532,9,0.0497
dense,0000313_06601_d_0000469,165,54.0,1,0.1181,163,0.1524,21,0.0343
dense,0000313_06601_d_0000469,165,264.0,1,0.3202,79,0.3194,1,-0.0008
dense,0000313_06601_d_0000469,165,1972.0,1,0.7864,25,0.7648,0,-0.0216
dense,0000313_06601_d_0000469,165,90.0,1,0.3125,80,0.1671,9,-0.1454
dense,0000313_06601_d_0000469,165,820.0,1,0.8997,3,0.8979,0,-0.0018
dense,0000001_08414_d_0000013,164,420.0,0,0.0,-1,0.0,-1,0.0
dense,0000001_08414_d_0000013,164,2784.0,0,0.0284,562,0.0,-1,-0.0284
dense,0000001_08414_d_0000013,164,700.0,0,0.0,-1,0.0027,51,0.0027
dense,0000001_08414_d_0000013,164,340.0,0,0.0188,709,0.15,5,0.1312
dense,0000001_08414_d_0000013,164,589.0,0,0.0198,685,0.0267,9,0.0069
dense,0000001_08414_d_0000013,164,312.0,0,0.0521,382,0.0496,10,-0.0025
dense,0000001_08414_d_0000013,164,1512.0,0,0.0535,374,0.411,2,0.3576
dense,0000001_08414_d_0000013,164,390.0,0,0.1633,174,0.2223,1,0.059
dense,0000001_08414_d_0000013,164,496.0,1,0.142,193,0.1351,4,-0.0069
dense,0000001_08414_d_0000013,164,374.0,1,0.1203,220,0.25,5,0.1297
dense,0000001_08414_d_0000013,164,2294.0,1,0.6067,52,0.4767,1,-0.13
dense,0000001_08414_d_0000013,164,2400.0,1,0.6724,40,0.6521,0,-0.0203
dense,0000001_08414_d_0000013,164,2173.0,1,0.7829,24,0.6872,0,-0.0958
dense,0000001_08414_d_0000013,164,368.0,1,0.1265,213,0.0,-1,-0.1265
dense,0000001_08414_d_0000013,164,11934.0,1,0.9458,1,0.9421,0,-0.0037
dense,0000001_08414_d_0000013,164,495.0,1,0.3626,92,0.3263,0,-0.0363
dense,0000213_03920_d_0000243,164,820.0,0,0.0159,715,0.0217,11,0.0059
dense,0000213_03920_d_0000243,164,168.0,0,0.0105,912,0.0195,1,0.009
dense,0000213_03920_d_0000243,164,180.0,0,0.0,-1,0.0,-1,0.0
dense,0000213_03920_d_0000243,164,429.0,0,0.7588,41,0.7798,2,0.021
dense,0000213_03920_d_0000243,164,112.0,0,0.0246,561,0.0963,4,0.0717
dense,0000213_03920_d_0000243,164,1150.0,0,0.0,-1,0.0153,32,0.0153
dense,0000213_03920_d_0000243,164,72.0,0,0.0535,352,0.0,-1,-0.0535
dense,0000213_03920_d_0000243,164,147.0,0,0.1177,204,0.0017,6,-0.116
dense,0000213_03920_d_0000243,164,80.0,1,0.3601,114,0.3804,0,0.0202
dense,0000213_03920_d_0000243,164,900.0,1,0.7078,58,0.561,3,-0.1468
dense,0000213_03920_d_0000243,164,372.0,1,0.4107,100,0.3147,1,-0.096
dense,0000213_03920_d_0000243,164,1250.0,1,0.7565,42,0.7483,1,-0.0082
dense,0000213_03920_d_0000243,164,1224.0,1,0.9036,9,0.8807,0,-0.0229
dense,0000213_03920_d_0000243,164,6519.0,1,0.8054,33,0.8144,0,0.009
dense,0000213_03920_d_0000243,164,1984.0,1,0.1192,202,0.2976,6,0.1783
dense,0000213_03920_d_0000243,164,1127.0,1,0.8056,32,0.6716,4,-0.1341
dense,0000330_04201_d_0000821,162,525.0,0,0.0,-1,0.0,-1,0.0
dense,0000330_04201_d_0000821,162,420.0,0,0.0216,444,0.0,-1,-0.0216
dense,0000330_04201_d_0000821,162,256.0,0,0.0181,493,0.0405,23,0.0224
dense,0000330_04201_d_0000821,162,500.0,0,0.0,-1,0.0,-1,0.0
dense,0000330_04201_d_0000821,162,243.0,0,0.3552,103,0.4096,3,0.0544
dense,0000330_04201_d_0000821,162,546.0,0,0.5951,65,0.145,4,-0.4501
dense,0000330_04201_d_0000821,162,377.0,0,0.014,581,0.0939,4,0.0799
dense,0000330_04201_d_0000821,162,504.0,0,0.0,-1,0.0,-1,0.0
dense,0000330_04201_d_0000821,162,1404.0,1,0.8288,19,0.8381,1,0.0093
dense,0000330_04201_d_0000821,162,320.0,1,0.791,29,0.8172,0,0.0262
dense,0000330_04201_d_0000821,162,693.0,1,0.4702,83,0.5124,0,0.0422
dense,0000330_04201_d_0000821,162,90.0,1,0.1713,146,0.2825,6,0.1111
dense,0000330_04201_d_0000821,162,620.0,1,0.7359,39,0.0,-1,-0.7359
dense,0000330_04201_d_0000821,162,612.0,1,0.8503,17,0.8371,0,-0.0131
dense,0000330_04201_d_0000821,162,476.0,1,0.4593,85,0.5425,2,0.0832
dense,0000330_04201_d_0000821,162,560.0,1,0.704,46,0.0653,18,-0.6388
dense,0000330_01401_d_0000807,161,704.0,0,0.0258,456,0.0,-1,-0.0258
dense,0000330_01401_d_0000807,161,42.0,0,0.0,-1,0.0,-1,0.0
dense,0000330_01401_d_0000807,161,667.0,0,0.013,688,0.0056,63,-0.0074
dense,0000330_01401_d_0000807,161,119.0,0,0.0217,508,0.0404,10,0.0187
dense,0000330_01401_d_0000807,161,704.0,0,0.0489,323,0.0784,5,0.0295
dense,0000330_01401_d_0000807,161,100.0,0,0.0,-1,0.0,-1,0.0
dense,0000330_01401_d_0000807,161,728.0,0,0.0475,327,0.0163,21,-0.0312
dense,0000330_01401_d_0000807,161,198.0,0,0.0151,628,0.1041,5,0.089
dense,0000330_01401_d_0000807,161,7440.0,1,0.7603,42,0.8424,0,0.082
dense,0000330_01401_d_0000807,161,434.0,1,0.4055,100,0.3508,3,-0.0547
dense,0000330_01401_d_0000807,161,140.0,1,0.3991,101,0.2221,3,-0.177
dense,0000330_01401_d_0000807,161,468.0,1,0.8508,19,0.8482,0,-0.0026
dense,0000330_01401_d_0000807,161,144.0,1,0.6416,64,0.6428,0,0.0012
dense,0000330_01401_d_0000807,161,780.0,1,0.0983,208,0.1173,12,0.019
dense,0000330_01401_d_0000807,161,280.0,1,0.7706,39,0.7383,3,-0.0323
dense,0000330_01401_d_0000807,161,968.0,1,0.8762,11,0.8824,0,0.0062
dense,0000291_01001_d_0000873,159,364.0,0,0.0132,741,0.0129,43,-0.0003
dense,0000291_01001_d_0000873,159,119.0,0,0.0,-1,0.0383,27,0.0383
dense,0000291_01001_d_0000873,159,560.0,0,0.0438,307,0.0077,56,-0.0361
dense,0000291_01001_d_0000873,159,322.0,0,0.0,-1,0.0,-1,0.0
dense,0000291_01001_d_0000873,159,156.0,0,0.0,-1,0.026,0,0.026
dense,0000291_01001_d_0000873,159,176.0,0,0.0,-1,0.0333,8,0.0333
dense,0000291_01001_d_0000873,159,288.0,0,0.0,-1,0.0011,160,0.0011
dense,0000291_01001_d_0000873,159,325.0,0,0.0,-1,0.0,-1,0.0
dense,0000291_01001_d_0000873,159,221.0,1,0.1943,123,0.1091,7,-0.0852
dense,0000291_01001_d_0000873,159,414.0,1,0.6986,33,0.0542,19,-0.6445
dense,0000291_01001_d_0000873,159,609.0,1,0.0659,250,0.0099,74,-0.056
dense,0000291_01001_d_0000873,159,646.0,1,0.08,224,0.0438,5,-0.0363
dense,0000291_01001_d_0000873,159,713.0,1,0.4353,69,0.644,0,0.2087
dense,0000291_01001_d_0000873,159,1624.0,1,0.7961,19,0.7742,1,-0.0219
dense,0000291_01001_d_0000873,159,1734.0,1,0.5559,53,0.1193,2,-0.4366
dense,0000291_01001_d_0000873,159,315.0,1,0.7862,21,0.0,-1,-0.7862
dense,0000271_06001_d_0000402,158,84.0,0,0.0,-1,0.0,-1,0.0
dense,0000271_06001_d_0000402,158,240.0,0,0.0323,301,0.0146,32,-0.0176
dense,0000271_06001_d_0000402,158,975.0,0,0.0275,322,0.0059,38,-0.0216
dense,0000271_06001_d_0000402,158,486.0,0,0.0,-1,0.0016,32,0.0016
dense,0000271_06001_d_0000402,158,667.0,0,0.0219,350,0.0352,4,0.0132
dense,0000271_06001_d_0000402,158,143.0,0,0.0,-1,0.0,-1,0.0
dense,0000271_06001_d_0000402,158,102.0,0,0.0,-1,0.0,-1,0.0
dense,0000271_06001_d_0000402,158,192.0,0,0.0043,857,0.0,-1,-0.0043
dense,0000271_06001_d_0000402,158,198.0,1,0.3463,122,0.2674,4,-0.0789
dense,0000271_06001_d_0000402,158,504.0,1,0.3516,121,0.081,5,-0.2706
dense,0000271_06001_d_0000402,158,532.0,1,0.6477,75,0.5894,3,-0.0583
dense,0000271_06001_d_0000402,158,4469.0,1,0.8907,25,0.8882,3,-0.0025
dense,0000271_06001_d_0000402,158,570.0,1,0.7665,66,0.7934,0,0.0269
dense,0000271_06001_d_0000402,158,3430.0,1,0.3709,114,0.5026,4,0.1317
dense,0000271_06001_d_0000402,158,468.0,1,0.5976,87,0.558,3,-0.0396
dense,0000271_06001_d_0000402,158,198.0,1,0.4512,105,0.3274,2,-0.1238
dense,0000215_00000_d_0000256,157,21.0,0,0.042,449,0.1,9,0.0579
dense,0000215_00000_d_0000256,157,176.0,0,0.0,-1,0.0,-1,0.0
dense,0000215_00000_d_0000256,157,420.0,0,0.0,-1,0.0,-1,0.0
dense,0000215_00000_d_0000256,157,27.0,0,0.0,-1,0.0064,68,0.0064
dense,0000215_00000_d_0000256,157,40.0,0,0.0142,925,0.0283,18,0.0141
dense,0000215_00000_d_0000256,157,27.0,0,0.0,-1,0.0,-1,0.0
dense,0000215_00000_d_0000256,157,50.0,0,0.0,-1,0.0,-1,0.0
dense,0000215_00000_d_0000256,157,120.0,0,0.0,-1,0.0,-1,0.0
dense,0000215_00000_d_0000256,157,108.0,1,0.5891,55,0.5602,0,-0.0289
dense,0000215_00000_d_0000256,157,875.0,1,0.7493,36,0.7128,2,-0.0365
dense,0000215_00000_d_0000256,157,247.0,1,0.3595,87,0.2472,4,-0.1123
dense,0000215_00000_d_0000256,157,810.0,1,0.8558,20,0.8054,0,-0.0504
dense,0000215_00000_d_0000256,157,126.0,1,0.7199,42,0.5106,2,-0.2093
dense,0000215_00000_d_0000256,157,3658.0,1,0.9305,4,0.9303,0,-0.0002
dense,0000215_00000_d_0000256,157,342.0,1,0.8555,21,0.6237,0,-0.2319
dense,0000215_00000_d_0000256,157,1100.0,1,0.8586,18,0.8621,0,0.0035
dense,0000291_01401_d_0000875,154,168.0,0,0.0,-1,0.0025,172,0.0025
dense,0000291_01401_d_0000875,154,1134.0,0,0.0432,302,0.0277,36,-0.0155
dense,0000291_01401_d_0000875,154,1029.0,0,0.0,-1,0.0,-1,0.0
dense,0000291_01401_d_0000875,154,80.0,0,0.0,-1,0.0,-1,0.0
dense,0000291_01401_d_0000875,154,750.0,0,0.0,-1,0.0,-1,0.0
dense,0000291_01401_d_0000875,154,234.0,0,0.0438,301,0.0098,54,-0.0341
dense,0000291_01401_d_0000875,154,216.0,0,0.0117,668,0.0111,40,-0.0006
dense,0000291_01401_d_0000875,154,615.0,0,0.0243,433,0.0064,77,-0.0179
dense,0000291_01401_d_0000875,154,1300.0,1,0.7838,23,0.7849,0,0.0012
dense,0000291_01401_d_0000875,154,338.0,1,0.4678,72,0.6335,0,0.1657
dense,0000291_01401_d_0000875,154,210.0,1,0.2566,103,0.0817,3,-0.1748
dense,0000291_01401_d_0000875,154,2583.0,1,0.8333,12,0.7924,0,-0.0408
dense,0000291_01401_d_0000875,154,1160.0,1,0.7167,38,0.6464,0,-0.0703
dense,0000291_01401_d_0000875,154,270.0,1,0.7921,22,0.6537,0,-0.1384
dense,0000291_01401_d_0000875,154,7714.0,1,0.9137,4,0.9223,0,0.0086
dense,0000291_01401_d_0000875,154,288.0,1,0.3422,90,0.2177,5,-0.1244
sparse_placebo,0000313_07001_d_0000471,5,660.0,1,0.6139,0,0.4234,2,-0.1905
sparse_placebo,0000313_07001_d_0000471,5,945.0,1,0.3918,3,0.1311,1,-0.2607
sparse_placebo,0000313_07001_d_0000471,5,1100.0,1,0.4322,2,0.3697,0,-0.0625
sparse_placebo,0000313_07001_d_0000471,5,640.0,1,0.3581,4,0.0221,11,-0.336
sparse_placebo,0000313_07001_d_0000471,5,950.0,1,0.6085,1,0.6118,0,0.0033
sparse_placebo,0000283_00401_d_0000676,6,7744.0,1,0.6447,3,0.6895,1,0.0448
sparse_placebo,0000283_00401_d_0000676,6,396.0,1,0.5998,4,0.6846,0,0.0848
sparse_placebo,0000283_00401_d_0000676,6,29260.0,1,0.8065,1,0.8386,0,0.0321
sparse_placebo,0000283_00401_d_0000676,6,7920.0,1,0.9182,0,0.9216,0,0.0034
sparse_placebo,0000283_00401_d_0000676,6,2312.0,1,0.7664,2,0.74,0,-0.0264
sparse_placebo,0000283_00401_d_0000676,6,1564.0,1,0.5212,5,0.4125,1,-0.1088
sparse_placebo,0000276_05201_d_0000533,6,288.0,1,0.8317,2,0.8027,0,-0.029
sparse_placebo,0000276_05201_d_0000533,6,306.0,1,0.5278,4,0.4607,1,-0.0671
sparse_placebo,0000276_05201_d_0000533,6,11904.0,1,0.9409,1,0.9396,0,-0.0013
sparse_placebo,0000276_05201_d_0000533,6,2760.0,1,0.7329,3,0.2546,0,-0.4783
sparse_placebo,0000276_05201_d_0000533,6,9048.0,1,0.9517,0,0.9475,0,-0.0043
sparse_placebo,0000276_05201_d_0000533,6,56.0,1,0.2251,5,0.2082,0,-0.0169
sparse_placebo,0000316_02201_d_0000530,7,1311.0,1,0.2059,5,0.4578,2,0.2519
sparse_placebo,0000316_02201_d_0000530,7,1260.0,1,0.8329,1,0.8301,0,-0.0028
sparse_placebo,0000316_02201_d_0000530,7,11088.0,1,0.9269,0,0.929,0,0.0022
sparse_placebo,0000316_02201_d_0000530,7,2691.0,1,0.6302,3,0.6597,0,0.0295
sparse_placebo,0000316_02201_d_0000530,7,984.0,1,0.1586,7,0.2293,2,0.0708
sparse_placebo,0000316_02201_d_0000530,7,741.0,1,0.3033,4,0.3366,0,0.0333
sparse_placebo,0000316_02201_d_0000530,7,1242.0,1,0.8321,2,0.83,0,-0.0022
sparse_placebo,0000276_05801_d_0000536,7,414.0,1,0.8624,0,0.8475,0,-0.0149
sparse_placebo,0000276_05801_d_0000536,7,494.0,1,0.1545,7,0.1293,2,-0.0251
sparse_placebo,0000276_05801_d_0000536,7,1015.0,1,0.1651,6,0.0021,35,-0.163
sparse_placebo,0000276_05801_d_0000536,7,540.0,1,0.4536,2,0.4928,0,0.0392
sparse_placebo,0000276_05801_d_0000536,7,255.0,1,0.5575,1,0.5369,0,-0.0206
sparse_placebo,0000276_05801_d_0000536,7,72.0,1,0.3524,3,0.2583,1,-0.094
sparse_placebo,0000276_05801_d_0000536,7,42.0,1,0.0099,64,0.0,-1,-0.0099
sparse_placebo,0000276_05001_d_0000532,7,1530.0,1,0.9105,0,0.8974,0,-0.0131
sparse_placebo,0000276_05001_d_0000532,7,144.0,1,0.5661,4,0.3429,2,-0.2232
sparse_placebo,0000276_05001_d_0000532,7,289.0,1,0.6804,3,0.4267,0,-0.2537
sparse_placebo,0000276_05001_d_0000532,7,90.0,1,0.4803,5,0.3734,0,-0.1069
sparse_placebo,0000276_05001_d_0000532,7,121.0,1,0.3531,7,0.3009,3,-0.0521
sparse_placebo,0000276_05001_d_0000532,7,4200.0,1,0.8038,2,0.8368,0,0.033
sparse_placebo,0000276_05001_d_0000532,7,780.0,1,0.8111,1,0.6544,0,-0.1567
sparse_placebo,0000021_00800_d_0000003,7,598.0,1,0.7759,1,0.803,0,0.0271
sparse_placebo,0000021_00800_d_0000003,7,100.0,1,0.0271,24,0.4354,1,0.4082
sparse_placebo,0000021_00800_d_0000003,7,588.0,1,0.6319,3,0.7096,1,0.0777
sparse_placebo,0000021_00800_d_0000003,7,608.0,1,0.33,7,0.0126,16,-0.3174
sparse_placebo,0000021_00800_d_0000003,7,828.0,1,0.7787,0,0.6784,0,-0.1003
sparse_placebo,0000021_00800_d_0000003,7,460.0,1,0.258,9,0.1079,4,-0.1501
sparse_placebo,0000021_00800_d_0000003,7,261.0,1,0.7,2,0.599,0,-0.101
sparse_placebo,0000335_06469_d_0000076,8,12638.0,1,0.8709,3,0.8418,1,-0.0291
sparse_placebo,0000335_06469_d_0000076,8,600.0,1,0.374,5,0.6007,0,0.2267
sparse_placebo,0000335_06469_d_0000076,8,645.0,1,0.374,5,0.6575,0,0.2835
sparse_placebo,0000335_06469_d_0000076,8,893.0,1,0.8335,4,0.8465,0,0.0131
sparse_placebo,0000335_06469_d_0000076,8,546.0,1,0.2389,8,0.1591,0,-0.0798
sparse_placebo,0000335_06469_d_0000076,8,2176.0,1,0.8779,2,0.8739,0,-0.004
sparse_placebo,0000335_06469_d_0000076,8,17622.0,1,0.9139,1,0.9082,0,-0.0057
sparse_placebo,0000335_06469_d_0000076,8,1972.0,1,0.9292,0,0.9289,0,-0.0003
sparse_placebo,0000283_00801_d_0000678,8,30.0,0,0.0,-1,0.0,-1,0.0
sparse_placebo,0000283_00801_d_0000678,8,108.0,0,0.0,-1,0.0,-1,0.0
sparse_placebo,0000283_00801_d_0000678,8,56.0,1,0.0103,22,0.0,-1,-0.0103
sparse_placebo,0000283_00801_d_0000678,8,2350.0,1,0.7949,0,0.8961,0,0.1012
sparse_placebo,0000283_00801_d_0000678,8,90.0,1,0.3212,4,0.2168,0,-0.1044
sparse_placebo,0000283_00801_d_0000678,8,56.0,1,0.5722,2,0.59,0,0.0179
sparse_placebo,0000283_00801_d_0000678,8,750.0,1,0.5984,1,0.6469,0,0.0485
sparse_placebo,0000283_00801_d_0000678,8,110.0,1,0.5496,3,0.4256,1,-0.124
sparse_placebo,0000242_04116_d_0000013,8,1749.0,1,0.5734,3,0.5966,1,0.0232
sparse_placebo,0000242_04116_d_0000013,8,90.0,1,0.0159,26,0.0353,2,0.0194
sparse_placebo,0000242_04116_d_0000013,8,126.0,1,0.3351,4,0.3179,0,-0.0171
sparse_placebo,0000242_04116_d_0000013,8,144.0,1,0.008,40,0.0,-1,-0.008
sparse_placebo,0000242_04116_d_0000013,8,256.0,1,0.8498,2,0.7355,0,-0.1143
sparse_placebo,0000242_04116_d_0000013,8,104.0,1,0.0161,25,0.0,-1,-0.0161
sparse_placebo,0000242_04116_d_0000013,8,2736.0,1,0.9329,0,0.9348,0,0.0019
sparse_placebo,0000242_04116_d_0000013,8,1715.0,1,0.9251,1,0.9065,0,-0.0185
sparse_placebo,0000026_00000_d_0000024,8,13530.0,1,0.9397,3,0.9413,0,0.0016
sparse_placebo,0000026_00000_d_0000024,8,18540.0,1,0.9469,1,0.9489,0,0.002
sparse_placebo,0000026_00000_d_0000024,8,1188.0,1,0.5797,7,0.6319,0,0.0522
sparse_placebo,0000026_00000_d_0000024,8,22470.0,1,0.945,2,0.9463,1,0.0013
sparse_placebo,0000026_00000_d_0000024,8,35502.0,1,0.8405,6,0.8432,0,0.0027
sparse_placebo,0000026_00000_d_0000024,8,9075.0,1,0.9486,0,0.9492,0,0.0006
sparse_placebo,0000026_00000_d_0000024,8,14104.0,1,0.9089,5,0.9141,1,0.0052
sparse_placebo,0000026_00000_d_0000024,8,16170.0,1,0.9358,4,0.9371,1,0.0013
sparse_placebo,0000024_01543_d_0000015,8,1575.0,1,0.7028,3,0.8961,0,0.1933
sparse_placebo,0000024_01543_d_0000015,8,1239.0,1,0.7546,0,0.7575,0,0.0029
sparse_placebo,0000024_01543_d_0000015,8,1380.0,1,0.5866,4,0.4818,0,-0.1047
sparse_placebo,0000024_01543_d_0000015,8,1608.0,1,0.5866,4,0.5723,0,-0.0142
sparse_placebo,0000024_01543_d_0000015,8,2016.0,1,0.0764,9,0.0,-1,-0.0764
sparse_placebo,0000024_01543_d_0000015,8,972.0,1,0.7063,1,0.575,1,-0.1313
sparse_placebo,0000024_01543_d_0000015,8,2646.0,1,0.1242,7,0.1891,3,0.065
sparse_placebo,0000024_01543_d_0000015,8,1700.0,1,0.7046,2,0.4952,0,-0.2094
sparse_placebo,0000360_04705_d_0000737,9,2668.0,1,0.8057,2,0.8165,0,0.0108
sparse_placebo,0000360_04705_d_0000737,9,4704.0,1,0.7431,4,0.4662,1,-0.2769
sparse_placebo,0000360_04705_d_0000737,9,2160.0,1,0.8031,3,0.732,0,-0.0711
sparse_placebo,0000360_04705_d_0000737,9,2115.0,1,0.0109,32,0.263,2,0.2521
sparse_placebo,0000360_04705_d_0000737,9,10767.0,1,0.7378,5,0.3809,0,-0.3569
sparse_placebo,0000360_04705_d_0000737,9,2501.0,1,0.8528,0,0.8608,0,0.008
sparse_placebo,0000360_04705_d_0000737,9,4081.0,1,0.8083,1,0.6854,1,-0.123
sparse_placebo,0000360_04705_d_0000737,9,11856.0,1,0.644,6,0.9192,0,0.2752
sparse_placebo,0000360_04705_d_0000737,9,3250.0,1,0.5546,7,0.4461,2,-0.1086
sparse_placebo,0000316_02001_d_0000529,9,10375.0,0,0.0,-1,0.0088,4,0.0088
sparse_placebo,0000316_02001_d_0000529,9,493.0,1,0.4567,4,0.3961,0,-0.0606
sparse_placebo,0000316_02001_d_0000529,9,180.0,1,0.1614,11,0.2131,2,0.0517
sparse_placebo,0000316_02001_d_0000529,9,1175.0,1,0.8911,0,0.8837,0,-0.0074
sparse_placebo,0000316_02001_d_0000529,9,682.0,1,0.129,15,0.1835,2,0.0545
sparse_placebo,0000316_02001_d_0000529,9,1824.0,1,0.5776,3,0.6471,0,0.0694
sparse_placebo,0000316_02001_d_0000529,9,1596.0,1,0.0067,117,0.0057,24,-0.0009
sparse_placebo,0000316_02001_d_0000529,9,462.0,1,0.5883,2,0.5011,0,-0.0872
sparse_placebo,0000316_02001_d_0000529,9,3828.0,1,0.8256,1,0.8317,1,0.0061
sparse_placebo,0000283_00601_d_0000677,9,2480.0,1,0.8828,0,0.8834,0,0.0006
sparse_placebo,0000283_00601_d_0000677,9,156.0,1,0.3084,7,0.2617,0,-0.0467
sparse_placebo,0000283_00601_d_0000677,9,546.0,1,0.5661,4,0.4305,0,-0.1356
sparse_placebo,0000283_00601_d_0000677,9,81.0,1,0.1967,10,0.307,0,0.1103
sparse_placebo,0000283_00601_d_0000677,9,72.0,1,0.3256,6,0.0,-1,-0.3256
sparse_placebo,0000283_00601_d_0000677,9,462.0,1,0.8476,2,0.7563,0,-0.0912
sparse_placebo,0000283_00601_d_0000677,9,108.0,1,0.0053,57,0.0,-1,-0.0053
sparse_placebo,0000283_00601_d_0000677,9,728.0,1,0.8236,3,0.7663,1,-0.0573
sparse_placebo,0000283_00601_d_0000677,9,2250.0,1,0.8745,1,0.8008,0,-0.0737
sparse_placebo,0000242_03199_d_0000011,9,1116.0,1,0.1568,7,0.0495,1,-0.1074
sparse_placebo,0000242_03199_d_0000011,9,2240.0,1,0.844,2,0.8861,0,0.0422
sparse_placebo,0000242_03199_d_0000011,9,208.0,1,0.5271,5,0.5313,0,0.0043
sparse_placebo,0000242_03199_d_0000011,9,360.0,1,0.8502,1,0.8379,0,-0.0123
sparse_placebo,0000242_03199_d_0000011,9,546.0,1,0.4985,6,0.2499,0,-0.2485
sparse_placebo,0000242_03199_d_0000011,9,1504.0,1,0.9113,0,0.9124,0,0.0011
sparse_placebo,0000242_03199_d_0000011,9,414.0,1,0.6351,3,0.5777,0,-0.0574
sparse_placebo,0000242_03199_d_0000011,9,525.0,1,0.6108,4,0.5466,0,-0.0642
sparse_placebo,0000242_03199_d_0000011,9,420.0,1,0.0316,12,0.0195,3,-0.0121
sparse_placebo,0000026_02000_d_0000028,9,2280.0,1,0.6808,9,0.6723,0,-0.0085
sparse_placebo,0000026_02000_d_0000028,9,19404.0,1,0.8837,3,0.9072,1,0.0235
sparse_placebo,0000026_02000_d_0000028,9,9504.0,1,0.9521,0,0.9492,0,-0.0029
sparse_placebo,0000026_02000_d_0000028,9,10440.0,1,0.9043,2,0.9076,1,0.0032
sparse_placebo,0000026_02000_d_0000028,9,3136.0,1,0.8482,4,0.7649,0,-0.0833
sparse_placebo,0000026_02000_d_0000028,9,21120.0,1,0.8407,5,0.8746,0,0.0339
sparse_placebo,0000026_02000_d_0000028,9,17334.0,1,0.761,6,0.8623,0,0.1013
sparse_placebo,0000026_02000_d_0000028,9,16456.0,1,0.7132,8,0.9501,0,0.2369
sparse_placebo,0000026_02000_d_0000028,9,17284.0,1,0.9454,1,0.9561,0,0.0107
sparse_placebo,0000276_05601_d_0000535,10,48.0,0,0.0,-1,0.0,-1,0.0
sparse_placebo,0000276_05601_d_0000535,10,35.0,0,0.0,-1,0.0038,10,0.0038
sparse_placebo,0000276_05601_d_0000535,10,30.0,0,0.0,-1,0.0,-1,0.0
sparse_placebo,0000276_05601_d_0000535,10,195.0,1,0.7592,0,0.5912,0,-0.168
sparse_placebo,0000276_05601_d_0000535,10,143.0,1,0.4283,3,0.2237,0,-0.2046
sparse_placebo,0000276_05601_d_0000535,10,720.0,1,0.3379,4,0.0,-1,-0.3379
sparse_placebo,0000276_05601_d_0000535,10,399.0,1,0.3112,5,0.0,-1,-0.3112
sparse_placebo,0000276_05601_d_0000535,10,342.0,1,0.4978,2,0.5605,1,0.0628
sparse_placebo,0000276_05601_d_0000535,10,154.0,1,0.6378,1,0.4439,1,-0.1938
sparse_placebo,0000276_05601_d_0000535,10,35.0,1,0.0035,112,0.0044,21,0.0009
sparse_placebo,0000276_04801_d_0000531,10,350.0,1,0.4989,7,0.5275,0,0.0286
sparse_placebo,0000276_04801_d_0000531,10,140.0,1,0.4066,8,0.3685,0,-0.0381
sparse_placebo,0000276_04801_d_0000531,10,2294.0,1,0.5639,5,0.8236,0,0.2597
sparse_placebo,0000276_04801_d_0000531,10,8588.0,1,0.6444,4,0.5012,0,-0.1432
sparse_placebo,0000276_04801_d_0000531,10,575.0,1,0.8568,2,0.8593,0,0.0026
sparse_placebo,0000276_04801_d_0000531,10,35696.0,1,0.9333,0,0.9307,0,-0.0025
sparse_placebo,0000276_04801_d_0000531,10,190.0,1,0.3443,9,0.3299,1,-0.0144
sparse_placebo,0000276_04801_d_0000531,10,144.0,1,0.7391,3,0.5583,0,-0.1809
sparse_placebo,0000276_04801_d_0000531,10,66.0,1,0.504,6,0.3744,1,-0.1295
sparse_placebo,0000276_04801_d_0000531,10,2006.0,1,0.8653,1,0.8264,1,-0.0389
sparse_placebo,0000276_04601_d_0000530,10,288.0,1,0.1627,10,0.0,-1,-0.1627
sparse_placebo,0000276_04601_d_0000530,10,342.0,1,0.8541,2,0.8562,0,0.0021
sparse_placebo,0000276_04601_d_0000530,10,272.0,1,0.7503,4,0.691,0,-0.0593
sparse_placebo,0000276_04601_d_0000530,10,432.0,1,0.3372,6,0.0,-1,-0.3372
sparse_placebo,0000276_04601_d_0000530,10,9702.0,1,0.9386,0,0.9481,0,0.0095
sparse_placebo,0000276_04601_d_0000530,10,60.0,1,0.3179,8,0.1943,1,-0.1236
sparse_placebo,0000276_04601_d_0000530,10,40.0,1,0.003,62,0.0255,0,0.0225
sparse_placebo,0000276_04601_d_0000530,10,342.0,1,0.4773,5,0.4585,0,-0.0188
sparse_placebo,0000276_04601_d_0000530,10,380.0,1,0.7608,3,0.4814,1,-0.2794
sparse_placebo,0000276_04601_d_0000530,10,8946.0,1,0.9014,1,0.7959,1,-0.1055
sparse_placebo,0000103_02964_d_0000030,10,85412.0,1,0.7769,0,0.7484,0,-0.0285
sparse_placebo,0000103_02964_d_0000030,10,19352.0,1,0.1023,14,0.2708,1,0.1685
sparse_placebo,0000103_02964_d_0000030,10,15232.0,1,0.0572,30,0.005,11,-0.0522
sparse_placebo,0000103_02964_d_0000030,10,37412.0,1,0.3319,5,0.2405,4,-0.0914
sparse_placebo,0000103_02964_d_0000030,10,25137.0,1,0.3195,6,0.4749,2,0.1554
sparse_placebo,0000103_02964_d_0000030,10,20088.0,1,0.3195,6,0.4701,1,0.1506
sparse_placebo,0000103_02964_d_0000030,10,20125.0,1,0.6615,2,0.3314,1,-0.3301
sparse_placebo,0000103_02964_d_0000030,10,138012.0,1,0.2708,9,0.5716,1,0.3008
sparse_placebo,0000103_02964_d_0000030,10,25894.0,1,0.55,3,0.2281,3,-0.3219
sparse_placebo,0000103_02964_d_0000030,10,24192.0,1,0.1868,11,0.1459,2,-0.0409
sparse_placebo,0000026_01500_d_0000027,10,26550.0,1,0.9455,0,0.9518,0,0.0063
sparse_placebo,0000026_01500_d_0000027,10,19425.0,1,0.8976,8,0.9145,1,0.0169
sparse_placebo,0000026_01500_d_0000027,10,22374.0,1,0.9064,7,0.9116,1,0.0052
sparse_placebo,0000026_01500_d_0000027,10,16335.0,1,0.9217,5,0.9262,1,0.0046
sparse_placebo,0000026_01500_d_0000027,10,33425.0,1,0.9271,3,0.9355,0,0.0085
sparse_placebo,0000026_01500_d_0000027,10,16590.0,1,0.9344,1,0.9274,1,-0.007
sparse_placebo,0000026_01500_d_0000027,10,25515.0,1,0.9073,6,0.8864,1,-0.021
sparse_placebo,0000026_01500_d_0000027,10,1176.0,1,0.5192,10,0.0027,0,-0.5165
sparse_placebo,0000026_01500_d_0000027,10,16498.0,1,0.9293,2,0.9311,1,0.0018
sparse_placebo,0000026_01500_d_0000027,10,13272.0,1,0.9256,4,0.9259,0,0.0003
sparse_placebo,0000024_00500_d_0000013,10,3034.0,1,0.6458,3,0.4703,0,-0.1755
sparse_placebo,0000024_00500_d_0000013,10,1320.0,1,0.4271,5,0.4466,2,0.0196
sparse_placebo,0000024_00500_d_0000013,10,1428.0,1,0.2357,8,0.0051,37,-0.2306
sparse_placebo,0000024_00500_d_0000013,10,3060.0,1,0.7866,2,0.7421,1,-0.0445
sparse_placebo,0000024_00500_d_0000013,10,544.0,1,0.0054,54,0.0101,13,0.0047
sparse_placebo,0000024_00500_d_0000013,10,3330.0,1,0.8818,0,0.8604,0,-0.0214
sparse_placebo,0000024_00500_d_0000013,10,1118.0,1,0.0363,19,0.0552,6,0.0188
sparse_placebo,0000024_00500_d_0000013,10,1242.0,1,0.5151,4,0.7007,0,0.1856
sparse_placebo,0000024_00500_d_0000013,10,1457.0,1,0.5151,4,0.6496,1,0.1345
sparse_placebo,0000024_00500_d_0000013,10,2610.0,1,0.8233,1,0.7714,0,-0.0519
sparse_placebo,0000316_01801_d_0000528,11,12672.0,1,0.6967,8,0.7369,1,0.0402
sparse_placebo,0000316_01801_d_0000528,11,1764.0,1,0.7811,6,0.6798,0,-0.1012
sparse_placebo,0000316_01801_d_0000528,11,18396.0,1,0.9394,0,0.9346,0,-0.0048
sparse_placebo,0000316_01801_d_0000528,11,1075.0,1,0.8634,3,0.8577,0,-0.0057
sparse_placebo,0000316_01801_d_0000528,11,799.0,1,0.8488,4,0.854,0,0.0052
sparse_placebo,0000316_01801_d_0000528,11,2430.0,1,0.8981,2,0.8934,0,-0.0047
sparse_placebo,0000316_01801_d_0000528,11,1794.0,1,0.0796,18,0.0189,0,-0.0607
sparse_placebo,0000316_01801_d_0000528,11,1640.0,1,0.3273,10,0.0858,1,-0.2415
sparse_placebo,0000316_01801_d_0000528,11,1911.0,1,0.761,7,0.6522,1,-0.1089
sparse_placebo,0000316_01801_d_0000528,11,4992.0,1,0.9166,1,0.8932,0,-0.0235
sparse_placebo,0000316_01801_d_0000528,11,2116.0,1,0.8303,5,0.7135,0,-0.1167
sparse_placebo,0000076_02142_d_0000009,11,2714.0,1,0.9328,2,0.9282,1,-0.0046
sparse_placebo,0000076_02142_d_0000009,11,341.0,1,0.8046,5,0.7643,0,-0.0404
sparse_placebo,0000076_02142_d_0000009,11,126.0,1,0.0495,15,0.0801,0,0.0306
sparse_placebo,0000076_02142_d_0000009,11,11640.0,1,0.0673,14,0.0328,4,-0.0345
sparse_placebo,0000076_02142_d_0000009,11,756.0,1,0.7259,7,0.6692,0,-0.0567
sparse_placebo,0000076_02142_d_0000009,11,8680.0,1,0.9381,1,0.9383,1,0.0002
sparse_placebo,0000076_02142_d_0000009,11,480.0,1,0.8029,6,0.8147,0,0.0118
sparse_placebo,0000076_02142_d_0000009,11,31354.0,1,0.8098,4,0.8414,2,0.0316
sparse_placebo,0000076_02142_d_0000009,11,12915.0,1,0.9242,3,0.931,0,0.0067
sparse_placebo,0000076_02142_d_0000009,11,5096.0,1,0.9469,0,0.9468,0,-0.0002
sparse_placebo,0000076_02142_d_0000009,11,2135.0,1,0.5664,8,0.6106,0,0.0442
sparse_placebo,0000359_01373_d_0000706,12,35316.0,1,0.9358,1,0.9364,0,0.0007
sparse_placebo,0000359_01373_d_0000706,12,2336.0,1,0.7586,7,0.5604,1,-0.1982
sparse_placebo,0000359_01373_d_0000706,12,3045.0,1,0.8322,6,0.8476,0,0.0154
sparse_placebo,0000359_01373_d_0000706,12,58880.0,1,0.9331,2,0.94,0,0.0068
sparse_placebo,0000359_01373_d_0000706,12,9936.0,1,0.7105,8,0.65,2,-0.0605
sparse_placebo,0000359_01373_d_0000706,12,7740.0,1,0.9134,4,0.9184,0,0.0049
sparse_placebo,0000359_01373_d_0000706,12,2150.0,1,0.4461,11,0.3257,3,-0.1204
sparse_placebo,0000359_01373_d_0000706,12,4046.0,1,0.6019,10,0.5863,0,-0.0156
sparse_placebo,0000359_01373_d_0000706,12,5625.0,1,0.8665,5,0.8303,1,-0.0363
sparse_placebo,0000359_01373_d_0000706,12,1771.0,1,0.4461,11,0.0959,7,-0.3502
sparse_placebo,0000359_01373_d_0000706,12,33078.0,1,0.9372,0,0.9393,0,0.0022
sparse_placebo,0000359_01373_d_0000706,12,14616.0,1,0.9196,3,0.9206,0,0.001
sparse_placebo,0000242_06452_d_0000018,12,896.0,1,0.6449,4,0.5951,0,-0.0497
sparse_placebo,0000242_06452_d_0000018,12,1435.0,1,0.8931,0,0.9051,0,0.012
sparse_placebo,0000242_06452_d_0000018,12,60.0,1,0.3371,9,0.4793,1,0.1422
sparse_placebo,0000242_06452_d_0000018,12,780.0,1,0.5848,6,0.3541,2,-0.2308
sparse_placebo,0000242_06452_d_0000018,12,220.0,1,0.1276,21,0.3366,0,0.209
sparse_placebo,0000242_06452_d_0000018,12,336.0,1,0.5097,7,0.4908,2,-0.0189
sparse_placebo,0000242_06452_d_0000018,12,408.0,1,0.7326,2,0.726,0,-0.0066
sparse_placebo,0000242_06452_d_0000018,12,1591.0,1,0.8869,1,0.8395,0,-0.0474
sparse_placebo,0000242_06452_d_0000018,12,255.0,1,0.1946,14,0.051,10,-0.1436
sparse_placebo,0000242_06452_d_0000018,12,434.0,1,0.7275,3,0.7072,0,-0.0203
sparse_placebo,0000242_06452_d_0000018,12,475.0,1,0.4278,8,0.8461,0,0.4183
sparse_placebo,0000242_06452_d_0000018,12,870.0,1,0.0434,33,0.3603,1,0.3169
sparse_placebo,0000024_01000_d_0000014,12,40.0,0,0.0,-1,0.0034,36,0.0034
sparse_placebo,0000024_01000_d_0000014,12,36.0,0,0.0,-1,0.0,-1,0.0
sparse_placebo,0000024_01000_d_0000014,12,784.0,1,0.5042,2,0.6742,1,0.17
sparse_placebo,0000024_01000_d_0000014,12,96.0,1,0.0419,30,0.0164,2,-0.0254
sparse_placebo,0000024_01000_d_0000014,12,99.0,1,0.0325,35,0.0153,3,-0.0172
sparse_placebo,0000024_01000_d_0000014,12,140.0,1,0.0472,27,0.0066,6,-0.0406
sparse_placebo,0000024_01000_d_0000014,12,396.0,1,0.0673,21,0.012,5,-0.0554
sparse_placebo,0000024_01000_d_0000014,12,248.0,1,0.1402,12,0.0624,1,-0.0778
sparse_placebo,0000024_01000_d_0000014,12,816.0,1,0.7062,1,0.7479,1,0.0417
sparse_placebo,0000024_01000_d_0000014,12,210.0,1,0.1873,7,0.2106,0,0.0234
sparse_placebo,0000024_01000_d_0000014,12,936.0,1,0.7333,0,0.7817,0,0.0484
sparse_placebo,0000024_01000_d_0000014,12,24.0,1,0.0118,69,0.0376,0,0.0258
sparse_placebo,0000022_01251_d_0000007,12,1311.0,1,0.5703,3,0.6144,0,0.0441
sparse_placebo,0000022_01251_d_0000007,12,1140.0,1,0.0042,120,0.0145,14,0.0103
sparse_placebo,0000022_01251_d_0000007,12,3003.0,1,0.9021,0,0.9102,0,0.0081
sparse_placebo,0000022_01251_d_0000007,12,4212.0,1,0.5529,4,0.4752,3,-0.0777
sparse_placebo,0000022_01251_d_0000007,12,2304.0,1,0.368,10,0.4949,2,0.1269
sparse_placebo,0000022_01251_d_0000007,12,1530.0,1,0.4248,8,0.3888,1,-0.036
sparse_placebo,0000022_01251_d_0000007,12,2967.0,1,0.5703,3,0.5825,0,0.0122
sparse_placebo,0000022_01251_d_0000007,12,3960.0,1,0.6087,2,0.5478,0,-0.0609
sparse_placebo,0000022_01251_d_0000007,12,4644.0,1,0.4224,9,0.6136,0,0.1912
sparse_placebo,0000022_01251_d_0000007,12,3696.0,1,0.8474,1,0.8547,2,0.0073
sparse_placebo,0000022_01251_d_0000007,12,1566.0,1,0.5003,5,0.5283,0,0.028
sparse_placebo,0000022_01251_d_0000007,12,4539.0,1,0.8474,1,0.8578,1,0.0104
sparse_placebo,0000359_03333_d_0000711,13,1035.0,1,0.6843,3,0.6024,1,-0.0819
sparse_placebo,0000359_03333_d_0000711,13,1204.0,1,0.5685,7,0.2992,3,-0.2693
sparse_placebo,0000359_03333_d_0000711,13,208.0,1,0.3758,11,0.4125,0,0.0366
sparse_placebo,0000359_03333_d_0000711,13,100.0,1,0.3905,10,0.3291,0,-0.0614
sparse_placebo,0000359_03333_d_0000711,13,1035.0,1,0.4808,8,0.6108,1,0.1301
sparse_placebo,0000359_03333_d_0000711,13,1288.0,1,0.4224,9,0.6441,0,0.2217
sparse_placebo,0000359_03333_d_0000711,13,1035.0,1,0.6742,4,0.582,2,-0.0922
sparse_placebo,0000359_03333_d_0000711,13,5952.0,1,0.9086,0,0.9146,0,0.006
sparse_placebo,0000359_03333_d_0000711,13,1218.0,1,0.8471,1,0.8361,0,-0.011
sparse_placebo,0000359_03333_d_0000711,13,4560.0,1,0.6541,5,0.4554,1,-0.1986
sparse_placebo,0000359_03333_d_0000711,13,1836.0,1,0.2928,13,0.7088,0,0.4161
sparse_placebo,0000359_03333_d_0000711,13,1271.0,1,0.6843,3,0.5927,1,-0.0916
sparse_placebo,0000359_03333_d_0000711,13,1102.0,1,0.7545,2,0.7619,1,0.0074
